date,category,amount,month,day_of_week,is_weekend
2023-04-13,Bills,88.88,4,3,False
2024-04-11,Entertainment,43.19,4,3,False
2024-04-03,Shopping,75.79,4,2,False
2024-10-23,Shopping,67.67,10,2,False
2023-12-10,Bills,100.22,12,6,True
2024-05-25,Transport,10.72,5,5,True
2024-04-20,Bills,92.97,4,5,True
2024-11-17,Health,58.6,11,6,True
2024-07-16,Bills,125.59,7,1,False
2023-05-11,Shopping,63.94,5,3,False
2024-10-08,Shopping,57.07,10,1,False
2024-08-23,Bills,99.7,8,4,False
2023-01-14,Transport,13.6,1,5,True
2023-12-06,Bills,99.67,12,2,False
2024-01-02,Bills,99.87,1,1,False
2023-02-04,Health,69.42,2,5,True
2023-03-22,Bills,105.66,3,2,False
2024-01-25,Health,72.96,1,3,False
2023-04-16,Bills,102.19,4,6,True
2023-09-28,Health,88.82,9,3,False
2024-12-27,Bills,98.84,12,4,False
2024-12-20,Shopping,56.99,12,4,False
2023-12-04,Shopping,64.61,12,0,False
2023-07-07,Bills,100.86,7,4,False
2024-05-07,Food,16.57,5,1,False
2024-06-04,Food,19.87,6,1,False
2024-10-09,Entertainment,46.36,10,2,False
2024-02-23,Food,15.93,2,4,False
2024-01-14,Shopping,62.12,1,6,True
2023-01-28,Food,30.97,1,5,True
2023-02-02,Health,91.8,2,3,False
2024-12-26,Entertainment,31.02,12,3,False
2024-06-30,Food,28.27,6,6,True
2024-10-04,Food,24.19,10,4,False
2023-01-05,Transport,7.2,1,3,False
2024-01-28,Transport,6.56,1,6,True
2024-07-07,Bills,85.81,7,6,True
2023-04-06,Bills,110.42,4,3,False
2024-04-29,Shopping,45.81,4,0,False
2024-06-08,Entertainment,41.9,6,5,True
2023-08-31,Health,82.93,8,3,False
2024-07-27,Food,33.97,7,5,True
2024-10-07,Bills,94.7,10,0,False
2023-11-27,Transport,20.13,11,0,False
2023-12-14,Food,17.98,12,3,False
2024-01-12,Entertainment,36.72,1,4,False
2024-09-24,Bills,86.51,9,1,False
2024-12-10,Entertainment,29.81,12,1,False
2024-10-10,Health,76.04,10,3,False
2024-11-14,Entertainment,37.11,11,3,False
2024-01-09,Food,18.37,1,1,False
2024-03-17,Bills,98.54,3,6,True
2023-09-25,Health,90.87,9,0,False
2024-09-04,Food,35.05,9,2,False
2023-03-22,Entertainment,40.6,3,2,False
2024-07-19,Shopping,84.63,7,4,False
2023-08-13,Food,19.25,8,6,True
2024-11-14,Transport,10.79,11,3,False
2024-11-02,Health,87.67,11,5,True
2023-07-22,Entertainment,28.5,7,5,True
2024-02-05,Health,94.03,2,0,False
2023-07-17,Health,65.98,7,0,False
2024-05-25,Food,25.28,5,5,True
2024-04-08,Shopping,48.03,4,0,False
2024-10-21,Bills,84.49,10,0,False
2024-12-11,Bills,100.69,12,2,False
2024-05-03,Food,29.28,5,4,False
2024-10-02,Entertainment,15.3,10,2,False
2024-04-17,Transport,23.14,4,2,False
2023-12-12,Food,12.69,12,1,False
2024-07-25,Food,21.76,7,3,False
2024-10-13,Shopping,57.94,10,6,True
2023-02-06,Entertainment,33.99,2,0,False
2024-10-20,Entertainment,31.53,10,6,True
2024-02-08,Health,86.18,2,3,False
2024-08-09,Food,37.17,8,4,False
2024-02-24,Health,88.54,2,5,True
2023-04-22,Health,97.89,4,5,True
2024-04-17,Entertainment,38.57,4,2,False
2023-06-12,Shopping,40.65,6,0,False
2024-11-11,Bills,90.25,11,0,False
2023-10-04,Bills,107.87,10,2,False
2024-05-18,Entertainment,48.22,5,5,True
2024-04-04,Entertainment,58.97,4,3,False
2024-04-14,Health,88.79,4,6,True
2023-10-10,Entertainment,37.6,10,1,False
2023-08-14,Shopping,87.34,8,0,False
2024-04-25,Shopping,60.94,4,3,False
2024-10-20,Bills,100.42,10,6,True
2023-01-17,Bills,98.63,1,1,False
2023-08-08,Health,78.76,8,1,False
2023-06-30,Entertainment,47.4,6,4,False
2024-11-30,Food,22.83,11,5,True
2023-06-10,Entertainment,35.25,6,5,True
2023-05-08,Transport,22.1,5,0,False
2024-07-23,Entertainment,40.92,7,1,False
2024-11-16,Transport,15.58,11,5,True
2024-01-21,Transport,5.0,1,6,True
2023-04-14,Food,29.19,4,4,False
2023-02-08,Shopping,52.72,2,2,False
2024-11-12,Transport,18.04,11,1,False
2024-06-08,Bills,102.57,6,5,True
2024-05-20,Food,13.17,5,0,False
2024-05-26,Health,84.95,5,6,True
2024-02-04,Health,76.85,2,6,True
2023-04-02,Transport,22.59,4,6,True
2024-12-27,Health,70.87,12,4,False
2023-07-09,Shopping,55.45,7,6,True
2023-05-30,Transport,10.87,5,1,False
2024-11-12,Health,85.96,11,1,False
2023-02-23,Entertainment,40.64,2,3,False
2023-02-22,Bills,89.22,2,2,False
2024-09-11,Shopping,72.1,9,2,False
2023-12-16,Entertainment,38.49,12,5,True
2024-10-17,Shopping,58.93,10,3,False
2024-08-26,Transport,10.14,8,0,False
2023-12-12,Shopping,77.81,12,1,False
2024-10-02,Transport,8.23,10,2,False
2024-09-25,Food,9.51,9,2,False
2023-04-28,Food,21.57,4,4,False
2024-05-02,Shopping,63.77,5,3,False
2023-09-04,Entertainment,56.51,9,0,False
2023-03-17,Transport,27.67,3,4,False
2024-11-27,Shopping,52.92,11,2,False
2023-08-08,Shopping,57.19,8,1,False
2024-03-28,Bills,93.96,3,3,False
2023-08-06,Transport,5.0,8,6,True
2023-10-16,Health,69.76,10,0,False
2023-12-23,Transport,30.43,12,5,True
2023-06-29,Transport,28.23,6,3,False
2024-10-20,Transport,46.87,10,6,True
2024-05-30,Transport,15.84,5,3,False
2024-05-11,Bills,106.47,5,5,True
2024-10-25,Bills,101.26,10,4,False
2024-11-20,Entertainment,33.85,11,2,False
2024-11-21,Entertainment,61.11,11,3,False
2024-09-04,Bills,104.39,9,2,False
2023-02-12,Bills,98.92,2,6,True
2023-10-12,Shopping,54.55,10,3,False
2023-09-10,Entertainment,27.33,9,6,True
2023-02-04,Food,13.44,2,5,True
2024-08-24,Health,95.7,8,5,True
2024-02-22,Entertainment,33.78,2,3,False
2024-05-15,Transport,11.45,5,2,False
2024-05-07,Entertainment,43.62,5,1,False
2023-10-04,Shopping,65.81,10,2,False
2024-11-06,Transport,31.78,11,2,False
2024-11-19,Entertainment,21.26,11,1,False
2024-07-01,Transport,19.92,7,0,False
2024-10-24,Health,64.73,10,3,False
2023-02-06,Bills,115.53,2,0,False
2023-08-05,Entertainment,35.6,8,5,True
2023-09-30,Food,38.05,9,5,True
2023-12-08,Shopping,60.21,12,4,False
2024-11-29,Entertainment,43.24,11,4,False
2024-01-19,Bills,98.7,1,4,False
2024-05-20,Shopping,62.02,5,0,False
2024-04-13,Bills,91.95,4,5,True
2024-07-18,Food,43.14,7,3,False
2024-08-10,Food,29.05,8,5,True
2023-03-15,Transport,6.78,3,2,False
2024-06-02,Health,82.44,6,6,True
2024-10-14,Transport,23.86,10,0,False
2023-07-13,Shopping,57.66,7,3,False
2023-01-29,Shopping,64.46,1,6,True
2023-12-31,Food,10.38,12,6,True
2023-12-08,Bills,102.9,12,4,False
2023-10-28,Bills,98.13,10,5,True
2023-03-11,Bills,79.63,3,5,True
2024-06-14,Health,95.7,6,4,False
2024-03-26,Shopping,59.81,3,1,False
2023-02-27,Bills,97.11,2,0,False
2024-04-20,Shopping,65.55,4,5,True
2024-01-22,Shopping,67.33,1,0,False
2023-12-14,Health,74.51,12,3,False
2024-02-13,Food,5.0,2,1,False
2023-04-27,Health,61.03,4,3,False
2023-03-21,Health,85.99,3,1,False
2023-08-01,Entertainment,38.32,8,1,False
2024-10-20,Bills,102.85,10,6,True
2024-03-16,Transport,10.28,3,5,True
2023-05-23,Food,19.44,5,1,False
2024-01-08,Health,88.72,1,0,False
2023-01-12,Transport,16.83,1,3,False
2023-12-24,Bills,96.92,12,6,True
2023-05-02,Bills,92.63,5,1,False
2024-11-06,Transport,5.0,11,2,False
2024-06-23,Bills,94.42,6,6,True
2023-02-10,Bills,80.87,2,4,False
2024-12-24,Shopping,63.62,12,1,False
2024-07-11,Entertainment,47.42,7,3,False
2024-03-25,Transport,29.77,3,0,False
2023-08-30,Entertainment,51.79,8,2,False
2023-08-12,Food,20.31,8,5,True
2023-10-09,Food,23.85,10,0,False
2023-04-09,Food,37.38,4,6,True
2024-02-09,Health,83.42,2,4,False
2024-10-06,Health,99.12,10,6,True
2024-03-12,Shopping,69.24,3,1,False
2023-03-24,Food,33.13,3,4,False
2023-03-26,Health,73.43,3,6,True
2024-11-15,Shopping,52.21,11,4,False
2024-03-21,Food,35.6,3,3,False
2023-12-14,Transport,30.41,12,3,False
2023-09-07,Transport,27.75,9,3,False
2023-11-02,Bills,99.08,11,3,False
2023-02-23,Bills,110.27,2,3,False
2024-02-05,Shopping,61.66,2,0,False
2024-07-31,Entertainment,35.66,7,2,False
2023-11-02,Transport,11.58,11,3,False
2023-12-01,Entertainment,42.51,12,4,False
2023-09-06,Health,75.46,9,2,False
2024-04-25,Bills,102.2,4,3,False
2023-03-22,Shopping,41.16,3,2,False
2023-05-18,Food,7.97,5,3,False
2023-03-10,Transport,14.44,3,4,False
2023-02-22,Transport,26.23,2,2,False
2023-04-21,Food,10.59,4,4,False
2024-10-24,Entertainment,43.67,10,3,False
2023-12-26,Bills,90.6,12,1,False
2024-11-26,Food,24.37,11,1,False
2023-04-03,Transport,24.55,4,0,False
2023-03-02,Transport,21.16,3,3,False
2024-04-10,Bills,94.71,4,2,False
2024-11-12,Shopping,60.51,11,1,False
2024-10-06,Food,20.11,10,6,True
2024-06-07,Transport,5.0,6,4,False
2023-09-06,Food,13.4,9,2,False
2023-08-02,Health,76.21,8,2,False
2023-12-03,Transport,5.0,12,6,True
2023-09-14,Food,26.78,9,3,False
2023-10-30,Health,80.36,10,0,False
2024-06-09,Transport,16.92,6,6,True
2024-01-21,Shopping,75.97,1,6,True
2024-10-27,Health,88.67,10,6,True
2023-12-29,Bills,104.71,12,4,False
2023-10-01,Transport,5.0,10,6,True
2023-07-11,Food,8.41,7,1,False
2024-09-22,Shopping,62.6,9,6,True
2023-09-30,Health,67.09,9,5,True
2024-04-18,Health,96.87,4,3,False
2023-03-08,Food,33.82,3,2,False
2023-04-19,Transport,15.77,4,2,False
2023-02-03,Food,16.39,2,4,False
2024-08-17,Transport,6.24,8,5,True
2023-10-09,Transport,5.0,10,0,False
2024-03-18,Entertainment,40.28,3,0,False
2023-10-16,Shopping,61.27,10,0,False
2024-10-23,Shopping,55.42,10,2,False
2024-05-30,Health,73.74,5,3,False
2024-03-21,Health,87.97,3,3,False
2024-10-07,Health,81.45,10,0,False
2024-08-28,Health,85.28,8,2,False
2024-12-15,Transport,17.08,12,6,True
2024-03-10,Shopping,53.37,3,6,True
2023-04-28,Bills,105.71,4,4,False
2024-12-24,Food,27.16,12,1,False
2023-01-01,Transport,32.09,1,6,True
2024-10-15,Health,68.61,10,1,False
2023-09-16,Food,27.68,9,5,True
2024-11-20,Transport,34.97,11,2,False
2023-01-13,Transport,34.84,1,4,False
2024-08-18,Food,24.28,8,6,True
2024-07-03,Entertainment,29.76,7,2,False
2024-08-28,Food,29.52,8,2,False
2023-11-30,Shopping,66.44,11,3,False
2024-01-11,Entertainment,40.87,1,3,False
2024-07-25,Shopping,58.44,7,3,False
2023-08-17,Health,85.16,8,3,False
2023-06-14,Shopping,64.75,6,2,False
2024-01-14,Health,57.92,1,6,True
2023-02-11,Food,28.61,2,5,True
2024-02-06,Health,82.5,2,1,False
2023-01-23,Food,33.06,1,0,False
2024-10-26,Food,22.61,10,5,True
2024-09-07,Entertainment,48.23,9,5,True
2023-02-08,Entertainment,21.33,2,2,False
2023-06-28,Transport,7.35,6,2,False
2024-03-23,Bills,105.09,3,5,True
2024-04-22,Entertainment,52.47,4,0,False
2024-02-24,Shopping,55.41,2,5,True
2024-02-15,Food,16.5,2,3,False
2023-09-11,Bills,115.1,9,0,False
2024-09-26,Transport,19.02,9,3,False
2023-04-28,Health,57.55,4,4,False
2023-08-04,Bills,106.76,8,4,False
2024-11-26,Shopping,49.81,11,1,False
2023-11-20,Bills,129.76,11,0,False
2024-11-15,Transport,15.27,11,4,False
2023-10-19,Transport,13.65,10,3,False
2023-10-10,Shopping,48.22,10,1,False
2023-01-23,Transport,8.2,1,0,False
2023-10-29,Entertainment,42.8,10,6,True
2023-07-29,Food,13.75,7,5,True
2024-09-14,Bills,91.24,9,5,True
2023-11-20,Shopping,62.05,11,0,False
2023-05-07,Transport,8.97,5,6,True
2023-02-20,Shopping,73.02,2,0,False
2024-04-06,Food,24.1,4,5,True
2024-09-04,Shopping,67.81,9,2,False
2023-12-12,Health,84.19,12,1,False
2023-01-01,Health,76.11,1,6,True
2024-07-20,Entertainment,23.08,7,5,True
2023-11-05,Food,40.3,11,6,True
2023-07-21,Bills,104.75,7,4,False
2024-07-28,Bills,113.19,7,6,True
2024-06-20,Transport,12.7,6,3,False
2023-07-29,Entertainment,46.28,7,5,True
2024-02-22,Entertainment,24.97,2,3,False
2023-06-28,Health,77.39,6,2,False
2024-10-25,Food,5.0,10,4,False
2023-06-10,Food,24.46,6,5,True
2023-10-12,Entertainment,29.83,10,3,False
2023-03-25,Food,30.17,3,5,True
2024-11-19,Bills,92.01,11,1,False
2024-12-01,Food,23.35,12,6,True
2023-11-23,Food,16.29,11,3,False
2024-03-10,Entertainment,23.88,3,6,True
2024-12-23,Health,74.26,12,0,False
2024-03-04,Shopping,54.53,3,0,False
2023-10-13,Entertainment,53.89,10,4,False
2023-04-23,Transport,5.0,4,6,True
2023-08-10,Health,76.43,8,3,False
2023-09-21,Shopping,62.38,9,3,False
2023-02-24,Entertainment,25.92,2,4,False
2023-06-11,Bills,92.22,6,6,True
2023-03-28,Bills,112.22,3,1,False
2024-03-18,Shopping,38.26,3,0,False
2023-11-24,Health,88.13,11,4,False
2023-02-20,Food,6.19,2,0,False
2024-08-26,Transport,27.5,8,0,False
2024-03-27,Bills,104.2,3,2,False
2023-06-14,Health,73.43,6,2,False
2023-01-07,Transport,5.63,1,5,True
2024-11-03,Shopping,43.3,11,6,True
2024-05-28,Food,42.65,5,1,False
2024-12-09,Bills,110.05,12,0,False
2024-12-07,Bills,94.93,12,5,True
2024-06-15,Shopping,71.85,6,5,True
2023-08-14,Shopping,53.3,8,0,False
2024-05-14,Transport,9.55,5,1,False
2024-12-14,Health,83.99,12,5,True
2024-09-23,Entertainment,41.14,9,0,False
2024-12-21,Transport,16.5,12,5,True
2023-04-25,Food,28.08,4,1,False
2023-08-25,Food,7.9,8,4,False
2023-12-25,Food,26.71,12,0,False
2023-01-04,Transport,13.16,1,2,False
2024-03-17,Shopping,54.6,3,6,True
2023-03-16,Health,72.22,3,3,False
2023-05-26,Shopping,59.92,5,4,False
2023-02-03,Food,38.59,2,4,False
2024-11-07,Food,43.11,11,3,False
2024-09-20,Transport,14.79,9,4,False
2023-12-08,Shopping,51.01,12,4,False
2024-12-31,Transport,5.9,12,1,False
2023-09-25,Shopping,49.96,9,0,False
2024-11-15,Food,30.1,11,4,False
2024-04-20,Health,73.75,4,5,True
2023-12-29,Food,25.26,12,4,False
2024-11-23,Bills,97.75,11,5,True
2024-11-06,Food,37.08,11,2,False
2023-07-06,Entertainment,38.72,7,3,False
2024-10-25,Health,85.55,10,4,False
2024-02-10,Shopping,42.45,2,5,True
2023-05-28,Entertainment,38.76,5,6,True
2023-09-01,Entertainment,43.75,9,4,False
2024-03-25,Shopping,49.51,3,0,False
2023-03-14,Food,14.54,3,1,False
2023-03-02,Entertainment,22.19,3,3,False
2024-09-07,Transport,7.03,9,5,True
2024-05-12,Shopping,59.24,5,6,True
2023-04-18,Bills,96.92,4,1,False
2023-01-17,Transport,8.41,1,1,False
2024-07-22,Food,26.78,7,0,False
2023-08-04,Entertainment,26.65,8,4,False
2024-10-22,Food,37.86,10,1,False
2024-12-10,Food,35.62,12,1,False
2024-04-10,Food,38.55,4,2,False
2024-05-03,Shopping,70.29,5,4,False
2024-06-21,Transport,5.0,6,4,False
2024-01-26,Health,106.06,1,4,False
2023-12-01,Shopping,51.81,12,4,False
2024-05-12,Entertainment,46.16,5,6,True
2024-12-27,Shopping,71.29,12,4,False
2024-02-06,Entertainment,39.2,2,1,False
2024-05-04,Food,12.26,5,5,True
2024-09-11,Bills,114.14,9,2,False
2023-04-08,Entertainment,29.58,4,5,True
2023-07-02,Bills,112.78,7,6,True
2023-02-08,Food,45.42,2,2,False
2024-02-01,Transport,19.85,2,3,False
2023-06-10,Shopping,46.51,6,5,True
2023-11-07,Entertainment,45.86,11,1,False
2023-06-19,Transport,22.13,6,0,False
2023-02-08,Health,80.47,2,2,False
2023-01-29,Health,105.98,1,6,True
2023-08-27,Food,18.5,8,6,True
2023-09-23,Health,63.18,9,5,True
2024-01-24,Food,7.41,1,2,False
2024-11-19,Entertainment,21.39,11,1,False
2023-11-20,Transport,12.0,11,0,False
2023-10-20,Food,29.6,10,4,False
2024-08-07,Food,22.5,8,2,False
2023-12-10,Bills,109.84,12,6,True
2023-10-29,Entertainment,37.86,10,6,True
2023-03-03,Shopping,58.51,3,4,False
2024-07-28,Health,73.41,7,6,True
2023-08-31,Shopping,55.84,8,3,False
2024-05-20,Entertainment,38.96,5,0,False
2024-05-31,Shopping,47.51,5,4,False
2024-06-04,Entertainment,45.71,6,1,False
2023-01-20,Transport,5.0,1,4,False
2024-02-23,Transport,16.77,2,4,False
2023-03-03,Food,28.44,3,4,False
2023-04-30,Shopping,56.23,4,6,True
2023-03-30,Food,5.0,3,3,False
2024-09-26,Bills,91.22,9,3,False
2024-06-24,Food,24.31,6,0,False
2024-06-20,Shopping,58.12,6,3,False
2024-01-30,Entertainment,30.34,1,1,False
2023-02-07,Entertainment,31.47,2,1,False
2023-06-25,Transport,20.51,6,6,True
2024-11-18,Shopping,60.39,11,0,False
2024-08-15,Transport,5.0,8,3,False
2023-12-15,Entertainment,31.3,12,4,False
2024-11-28,Entertainment,53.24,11,3,False
2023-10-16,Health,68.68,10,0,False
2023-08-04,Entertainment,36.22,8,4,False
2024-07-24,Entertainment,45.47,7,2,False
2024-11-11,Shopping,65.02,11,0,False
2023-06-19,Bills,108.57,6,0,False
2023-07-10,Entertainment,33.51,7,0,False
2024-07-10,Transport,19.81,7,2,False
2023-01-31,Transport,11.3,1,1,False
2024-10-31,Transport,6.66,10,3,False
2023-12-22,Transport,15.29,12,4,False
2023-10-22,Transport,27.78,10,6,True
2023-08-12,Shopping,61.91,8,5,True
2023-01-17,Transport,15.46,1,1,False
2024-11-30,Shopping,56.92,11,5,True
2024-02-18,Transport,17.19,2,6,True
2023-08-21,Transport,27.09,8,0,False
2023-08-10,Shopping,45.59,8,3,False
2023-10-05,Bills,105.19,10,3,False
2023-11-20,Entertainment,33.75,11,0,False
2023-07-11,Food,32.52,7,1,False
2024-12-05,Health,89.77,12,3,False
2024-04-18,Entertainment,34.13,4,3,False
2023-08-15,Bills,119.11,8,1,False
2024-01-16,Bills,98.69,1,1,False
2024-04-03,Transport,5.0,4,2,False
2024-06-21,Transport,5.0,6,4,False
2023-02-08,Shopping,38.01,2,2,False
2023-06-06,Entertainment,51.22,6,1,False
2024-06-22,Entertainment,53.11,6,5,True
2024-01-17,Bills,81.53,1,2,False
2024-07-23,Bills,94.33,7,1,False
2024-06-10,Transport,5.0,6,0,False
2023-09-28,Bills,114.44,9,3,False
2023-07-27,Entertainment,43.43,7,3,False
2024-08-13,Entertainment,44.57,8,1,False
2024-11-16,Transport,21.43,11,5,True
2024-11-23,Bills,113.29,11,5,True
2024-01-13,Entertainment,38.38,1,5,True
2023-07-25,Food,11.59,7,1,False
2023-08-24,Bills,86.42,8,3,False
2024-12-26,Health,76.84,12,3,False
2024-05-15,Shopping,45.47,5,2,False
2023-03-05,Shopping,79.65,3,6,True
2024-12-21,Shopping,58.27,12,5,True
2024-01-01,Health,73.12,1,0,False
2024-06-27,Entertainment,47.86,6,3,False
2023-04-12,Food,29.25,4,2,False
2024-01-27,Entertainment,30.33,1,5,True
2024-02-05,Bills,99.52,2,0,False
2023-02-15,Health,95.03,2,2,False
2024-12-14,Transport,23.77,12,5,True
2023-01-02,Food,22.53,1,0,False
2024-08-11,Bills,93.18,8,6,True
2024-10-27,Health,86.32,10,6,True
2023-05-23,Transport,5.21,5,1,False
2023-04-16,Bills,102.76,4,6,True
2024-09-26,Health,72.01,9,3,False
2023-01-09,Health,94.76,1,0,False
2024-07-06,Transport,30.24,7,5,True
2024-12-16,Transport,27.65,12,0,False
2023-04-21,Entertainment,45.59,4,4,False
2024-01-18,Entertainment,41.15,1,3,False
2023-11-10,Health,89.5,11,4,False
2024-02-14,Entertainment,56.86,2,2,False
2023-01-12,Bills,95.4,1,3,False
2024-06-20,Shopping,44.42,6,3,False
2023-12-22,Shopping,70.54,12,4,False
2024-09-22,Shopping,59.76,9,6,True
2024-08-16,Health,101.42,8,4,False
2024-12-23,Health,85.06,12,0,False
2023-02-28,Entertainment,20.03,2,1,False
2024-12-14,Entertainment,34.98,12,5,True
2023-07-26,Food,27.12,7,2,False
2023-11-28,Food,28.99,11,1,False
2023-01-24,Bills,106.47,1,1,False
2024-05-30,Bills,84.38,5,3,False
2023-04-27,Transport,35.02,4,3,False
2024-05-26,Bills,83.67,5,6,True
2024-01-06,Transport,9.27,1,5,True
2023-09-03,Shopping,65.33,9,6,True
2024-07-05,Shopping,47.46,7,4,False
2024-06-03,Bills,103.24,6,0,False
2024-07-06,Health,77.09,7,5,True
2024-05-16,Bills,116.1,5,3,False
2023-08-19,Food,8.54,8,5,True
2023-03-25,Transport,17.68,3,5,True
2023-01-28,Transport,7.86,1,5,True
2023-06-12,Shopping,60.17,6,0,False
2024-04-04,Bills,99.06,4,3,False
2023-10-28,Entertainment,38.5,10,5,True
2024-08-14,Transport,24.96,8,2,False
2024-08-27,Transport,6.13,8,1,False
2023-05-13,Bills,104.24,5,5,True
2024-11-13,Bills,91.62,11,2,False
2023-10-11,Food,30.21,10,2,False
2023-04-17,Shopping,65.04,4,0,False
2023-11-01,Food,5.0,11,2,False
2024-09-23,Bills,110.95,9,0,False
2024-09-11,Entertainment,38.39,9,2,False
2023-11-30,Transport,11.78,11,3,False
2023-10-09,Shopping,55.49,10,0,False
2023-01-01,Entertainment,47.33,1,6,True
2023-06-10,Food,24.19,6,5,True
2024-11-21,Health,71.19,11,3,False
2023-08-30,Entertainment,56.16,8,2,False
2023-05-06,Transport,5.0,5,5,True
2024-03-02,Transport,20.03,3,5,True
2024-03-03,Health,91.08,3,6,True
2024-01-10,Transport,5.0,1,2,False
2023-12-07,Food,17.79,12,3,False
2023-12-24,Shopping,64.84,12,6,True
2024-05-09,Health,88.05,5,3,False
2023-04-29,Transport,5.0,4,5,True
2024-03-02,Transport,16.84,3,5,True
2024-08-10,Entertainment,41.67,8,5,True
2023-12-11,Health,81.81,12,0,False
2023-10-14,Health,87.52,10,5,True
2023-02-22,Shopping,41.49,2,2,False
2024-12-04,Health,89.43,12,2,False
2024-07-28,Food,21.65,7,6,True
2023-06-08,Food,27.06,6,3,False
2023-11-20,Transport,5.0,11,0,False
2024-09-05,Entertainment,30.66,9,3,False
2024-03-29,Transport,22.21,3,4,False
2023-12-31,Entertainment,46.35,12,6,True
2024-10-02,Health,78.27,10,2,False
2024-10-16,Food,25.16,10,2,False
2023-03-17,Transport,30.95,3,4,False
2024-08-27,Food,16.53,8,1,False
2024-02-21,Food,5.0,2,2,False
2023-04-12,Transport,32.68,4,2,False
2023-09-24,Entertainment,44.51,9,6,True
2023-01-03,Shopping,49.51,1,1,False
2023-11-24,Transport,10.46,11,4,False
2023-06-03,Food,24.8,6,5,True
2023-01-12,Shopping,74.45,1,3,False
2023-10-27,Bills,81.76,10,4,False
2023-02-12,Health,88.55,2,6,True
2024-03-02,Shopping,69.79,3,5,True
2023-01-21,Entertainment,37.47,1,5,True
2024-12-15,Entertainment,43.92,12,6,True
2023-11-20,Shopping,46.02,11,0,False
2023-11-30,Shopping,59.05,11,3,False
2024-01-08,Bills,105.22,1,0,False
2023-06-05,Entertainment,42.07,6,0,False
2024-10-09,Transport,30.15,10,2,False
2024-08-11,Bills,107.73,8,6,True
2023-03-31,Food,14.41,3,4,False
2023-04-18,Transport,15.63,4,1,False
2023-02-08,Shopping,54.19,2,2,False
2023-08-29,Transport,6.04,8,1,False
2024-03-20,Transport,13.56,3,2,False
2024-01-20,Bills,107.96,1,5,True
2024-01-11,Shopping,64.72,1,3,False
2023-04-28,Shopping,61.39,4,4,False
2024-12-26,Bills,92.98,12,3,False
2023-01-10,Transport,8.37,1,1,False
2024-09-24,Shopping,61.77,9,1,False
2023-02-18,Transport,17.65,2,5,True
2023-10-20,Bills,108.03,10,4,False
2023-03-01,Transport,9.4,3,2,False
2023-05-26,Entertainment,31.65,5,4,False
2023-08-30,Shopping,81.45,8,2,False
2024-11-17,Food,31.34,11,6,True
2024-09-22,Shopping,64.14,9,6,True
2024-10-23,Shopping,72.25,10,2,False
2023-06-09,Entertainment,56.23,6,4,False
2024-10-11,Food,39.59,10,4,False
2023-09-11,Food,8.15,9,0,False
2023-11-16,Entertainment,56.72,11,3,False
2024-07-07,Health,89.23,7,6,True
2024-09-28,Food,30.69,9,5,True
2023-06-16,Shopping,76.28,6,4,False
2023-02-05,Shopping,48.99,2,6,True
2024-02-29,Bills,92.89,2,3,False
2024-07-14,Bills,102.34,7,6,True
2023-08-18,Transport,5.0,8,4,False
2023-03-08,Health,77.53,3,2,False
2023-12-08,Health,64.62,12,4,False
2023-05-10,Bills,106.95,5,2,False
2023-12-20,Health,99.47,12,2,False
2023-04-26,Health,85.58,4,2,False
2024-04-21,Food,25.76,4,6,True
2023-11-07,Transport,13.89,11,1,False
2023-01-12,Food,15.96,1,3,False
2024-02-04,Bills,99.8,2,6,True
2024-06-25,Shopping,63.84,6,1,False
2023-10-06,Bills,108.65,10,4,False
2023-11-17,Food,32.64,11,4,False
2023-10-13,Shopping,57.63,10,4,False
2024-03-31,Food,21.04,3,6,True
2024-04-04,Health,77.09,4,3,False
2024-07-31,Food,20.92,7,2,False
2023-12-07,Transport,15.87,12,3,False
2023-06-29,Health,87.08,6,3,False
2024-02-11,Transport,18.89,2,6,True
2024-02-23,Health,104.93,2,4,False
2023-05-23,Health,60.06,5,1,False
2023-01-12,Food,37.18,1,3,False
2023-02-11,Health,75.61,2,5,True
2023-08-04,Transport,26.66,8,4,False
2024-10-31,Health,85.68,10,3,False
2024-06-09,Food,31.0,6,6,True
2024-02-03,Shopping,67.12,2,5,True
2023-09-10,Health,81.2,9,6,True
2023-10-16,Bills,89.77,10,0,False
2023-12-02,Health,83.02,12,5,True
2023-08-26,Shopping,62.87,8,5,True
2023-01-25,Shopping,58.84,1,2,False
2023-04-27,Transport,20.08,4,3,False
2024-08-30,Bills,100.54,8,4,False
2024-10-14,Health,76.26,10,0,False
2024-03-22,Health,86.33,3,4,False
2024-11-02,Shopping,60.49,11,5,True
2024-10-24,Entertainment,37.69,10,3,False
2023-10-14,Entertainment,26.69,10,5,True
2023-12-11,Transport,17.78,12,0,False
2024-01-17,Entertainment,46.46,1,2,False
2024-04-07,Food,38.74,4,6,True
2023-03-24,Food,18.87,3,4,False
2023-03-21,Bills,96.98,3,1,False
2024-08-31,Bills,87.26,8,5,True
2023-04-11,Bills,106.26,4,1,False
2023-08-09,Bills,109.51,8,2,False
2024-11-20,Shopping,64.25,11,2,False
2024-09-19,Health,67.27,9,3,False
2023-06-04,Bills,113.45,6,6,True
2024-06-09,Shopping,64.18,6,6,True
2023-07-02,Transport,13.98,7,6,True
2024-07-27,Entertainment,53.69,7,5,True
2024-10-22,Transport,11.16,10,1,False
2024-04-15,Transport,19.58,4,0,False
2023-01-13,Shopping,48.06,1,4,False
2023-08-30,Shopping,59.85,8,2,False
2024-05-11,Bills,105.79,5,5,True
2024-01-30,Shopping,48.07,1,1,False
2024-07-17,Bills,99.6,7,2,False
2024-08-16,Entertainment,26.28,8,4,False
2024-02-26,Transport,5.0,2,0,False
2023-01-21,Transport,8.31,1,5,True
2023-05-09,Transport,25.4,5,1,False
2024-07-25,Shopping,63.25,7,3,False
2023-08-20,Shopping,58.33,8,6,True
2023-10-11,Entertainment,15.68,10,2,False
2024-12-26,Food,24.03,12,3,False
2023-03-20,Food,25.32,3,0,False
2024-04-11,Shopping,52.47,4,3,False
2024-02-20,Bills,120.13,2,1,False
2023-07-19,Food,26.37,7,2,False
2023-03-28,Entertainment,50.93,3,1,False
2024-04-27,Food,30.75,4,5,True
2024-10-06,Bills,91.98,10,6,True
2024-01-01,Bills,112.99,1,0,False
2024-10-12,Bills,106.8,10,5,True
2024-06-23,Entertainment,51.58,6,6,True
2024-05-05,Transport,17.83,5,6,True
2023-12-18,Transport,7.92,12,0,False
2024-07-03,Bills,101.74,7,2,False
2023-12-26,Food,27.46,12,1,False
2023-11-25,Transport,6.39,11,5,True
2024-09-08,Food,16.2,9,6,True
2023-08-05,Transport,24.62,8,5,True
2023-05-29,Bills,99.47,5,0,False
2024-10-13,Entertainment,40.57,10,6,True
2024-11-23,Bills,102.69,11,5,True
2023-08-14,Entertainment,31.71,8,0,False
2024-05-02,Entertainment,42.02,5,3,False
2023-05-04,Transport,20.79,5,3,False
2024-02-18,Bills,101.48,2,6,True
2024-12-25,Bills,102.1,12,2,False
2023-05-02,Health,78.35,5,1,False
2024-09-22,Food,28.02,9,6,True
2023-05-29,Shopping,43.41,5,0,False
2024-10-22,Health,84.91,10,1,False
2024-10-08,Bills,107.35,10,1,False
2023-07-22,Health,71.72,7,5,True
2024-04-10,Transport,24.09,4,2,False
2024-06-24,Shopping,68.13,6,0,False
2024-08-29,Entertainment,45.78,8,3,False
2024-02-11,Bills,103.09,2,6,True
2024-12-01,Food,42.02,12,6,True
2024-11-26,Entertainment,45.66,11,1,False
2024-02-17,Health,62.39,2,5,True
2023-04-18,Food,18.78,4,1,False
2023-12-28,Transport,19.78,12,3,False
2024-10-17,Food,30.39,10,3,False
2023-04-14,Entertainment,43.42,4,4,False
2023-08-12,Transport,5.0,8,5,True
2024-02-09,Health,90.78,2,4,False
2023-08-19,Entertainment,34.85,8,5,True
2023-01-13,Food,13.9,1,4,False
2024-05-14,Bills,85.5,5,1,False
2023-03-11,Entertainment,28.94,3,5,True
2023-04-11,Transport,6.83,4,1,False
2023-01-20,Transport,5.0,1,4,False
2024-06-19,Health,63.01,6,2,False
2024-04-13,Health,94.57,4,5,True
2024-02-09,Transport,5.0,2,4,False
2023-02-26,Shopping,72.63,2,6,True
2023-01-20,Food,19.48,1,4,False
2024-06-09,Entertainment,65.58,6,6,True
2024-12-28,Shopping,75.42,12,5,True
2024-06-19,Transport,35.06,6,2,False
2024-10-31,Transport,11.94,10,3,False
2023-11-15,Health,80.66,11,2,False
2023-07-30,Health,90.68,7,6,True
2023-11-10,Health,88.48,11,4,False
2023-04-27,Bills,72.26,4,3,False
2023-12-16,Food,33.01,12,5,True
2023-07-02,Food,24.17,7,6,True
2024-04-20,Entertainment,38.78,4,5,True
2023-10-30,Entertainment,30.93,10,0,False
2023-06-10,Food,35.57,6,5,True
2023-07-17,Bills,86.72,7,0,False
2024-02-03,Health,79.84,2,5,True
2024-07-12,Health,88.5,7,4,False
2024-08-24,Shopping,68.76,8,5,True
2024-05-19,Bills,85.89,5,6,True
2024-09-10,Food,13.26,9,1,False
2023-09-11,Health,81.41,9,0,False
2024-07-16,Shopping,42.32,7,1,False
2024-03-01,Entertainment,50.33,3,4,False
2023-12-15,Shopping,58.05,12,4,False
2023-02-18,Shopping,48.3,2,5,True
2024-08-04,Transport,5.0,8,6,True
2023-09-17,Health,79.72,9,6,True
2024-10-02,Food,42.72,10,2,False
2024-09-03,Health,77.26,9,1,False
2024-08-18,Food,15.01,8,6,True
2024-07-01,Shopping,50.24,7,0,False
2023-06-12,Bills,91.08,6,0,False
2023-09-27,Transport,24.14,9,2,False
2024-09-09,Food,16.97,9,0,False
2023-07-24,Health,79.79,7,0,False
2024-11-26,Entertainment,32.53,11,1,False
2024-08-18,Transport,5.0,8,6,True
2024-06-02,Health,88.84,6,6,True
2024-09-30,Transport,18.51,9,0,False
2024-04-16,Shopping,76.9,4,1,False
2024-03-01,Transport,5.0,3,4,False
2023-11-09,Shopping,54.71,11,3,False
2023-11-10,Shopping,67.94,11,4,False
2024-12-30,Shopping,47.46,12,0,False
2023-11-01,Entertainment,43.07,11,2,False
2024-03-20,Food,23.69,3,2,False
2023-06-10,Transport,8.93,6,5,True
2023-11-23,Health,96.29,11,3,False
2023-10-16,Food,35.12,10,0,False
2024-02-27,Health,57.16,2,1,False
2023-06-26,Food,11.62,6,0,False
2024-09-01,Food,30.52,9,6,True
2024-05-31,Transport,5.0,5,4,False
2023-04-08,Entertainment,46.5,4,5,True
2024-09-28,Health,89.44,9,5,True
2023-10-21,Bills,93.11,10,5,True
2024-07-24,Transport,5.0,7,2,False
2023-10-04,Bills,99.63,10,2,False
2023-06-03,Bills,101.23,6,5,True
2024-01-11,Shopping,76.25,1,3,False
2023-03-20,Health,75.03,3,0,False
2024-01-16,Food,18.11,1,1,False
2024-11-10,Transport,18.67,11,6,True
2023-03-07,Food,40.88,3,1,False
2023-09-11,Entertainment,40.83,9,0,False
2023-08-15,Health,88.81,8,1,False
2024-11-09,Bills,77.96,11,5,True
2024-03-02,Entertainment,29.63,3,5,True
2024-12-09,Entertainment,34.73,12,0,False
2023-01-08,Bills,94.88,1,6,True
2024-04-20,Food,43.73,4,5,True
2024-07-20,Food,35.8,7,5,True
2024-07-12,Health,67.81,7,4,False
2024-04-12,Health,81.18,4,4,False
2023-09-25,Transport,23.34,9,0,False
2023-09-16,Entertainment,35.72,9,5,True
2024-09-17,Entertainment,34.53,9,1,False
2024-09-04,Bills,94.84,9,2,False
2024-11-18,Entertainment,50.03,11,0,False
2024-01-01,Health,73.72,1,0,False
2024-06-27,Food,25.24,6,3,False
2023-01-16,Food,39.12,1,0,False
2024-07-28,Shopping,49.38,7,6,True
2023-04-12,Transport,19.28,4,2,False
2024-07-24,Entertainment,33.97,7,2,False
2023-07-15,Food,27.77,7,5,True
2024-10-27,Health,82.93,10,6,True
2024-04-20,Shopping,59.25,4,5,True
2023-09-22,Bills,102.77,9,4,False
2024-04-01,Shopping,67.32,4,0,False
2024-12-28,Transport,16.34,12,5,True
2023-10-04,Bills,101.13,10,2,False
2023-08-06,Health,74.02,8,6,True
2024-06-29,Food,41.41,6,5,True
2023-11-03,Transport,22.64,11,4,False
2023-06-25,Health,92.57,6,6,True
2023-09-30,Shopping,64.29,9,5,True
2023-10-16,Bills,103.82,10,0,False
2023-09-29,Transport,26.95,9,4,False
2023-06-05,Health,68.79,6,0,False
2023-07-20,Bills,105.87,7,3,False
2024-10-01,Entertainment,35.25,10,1,False
2024-05-30,Transport,5.0,5,3,False
2023-07-10,Shopping,61.26,7,0,False
2023-08-15,Food,35.29,8,1,False
2024-10-15,Bills,86.83,10,1,False
2024-04-04,Food,32.24,4,3,False
2023-07-26,Transport,21.67,7,2,False
2023-04-25,Food,21.21,4,1,False
2024-07-11,Health,68.61,7,3,False
2023-05-22,Bills,90.48,5,0,False
2024-10-20,Health,76.96,10,6,True
2024-05-21,Bills,99.51,5,1,False
2023-09-27,Transport,11.97,9,2,False
2024-09-05,Health,75.65,9,3,False
2024-03-01,Entertainment,47.51,3,4,False
2024-12-13,Bills,90.65,12,4,False
2024-01-10,Food,35.86,1,2,False
2024-05-22,Entertainment,43.67,5,2,False
2024-04-09,Health,98.38,4,1,False
2023-09-22,Food,6.15,9,4,False
2023-07-22,Shopping,57.04,7,5,True
2023-11-30,Health,73.44,11,3,False
2024-05-28,Food,26.49,5,1,False
2024-09-28,Health,85.59,9,5,True
2023-03-03,Food,47.53,3,4,False
2024-03-07,Health,63.74,3,3,False
2024-05-08,Transport,10.04,5,2,False
2024-04-13,Shopping,50.73,4,5,True
2023-07-20,Shopping,62.38,7,3,False
2023-11-20,Entertainment,46.53,11,0,False
2024-03-06,Bills,126.88,3,2,False
2024-03-13,Bills,88.8,3,2,False
2024-10-20,Transport,13.9,10,6,True
2024-08-27,Health,96.12,8,1,False
2024-05-19,Shopping,73.15,5,6,True
2023-06-28,Bills,91.89,6,2,False
2024-02-10,Bills,103.89,2,5,True
2024-08-01,Health,71.04,8,3,False
2023-12-13,Food,15.69,12,2,False
2024-08-06,Health,78.94,8,1,False
2024-07-26,Bills,98.16,7,4,False
2023-09-19,Transport,13.05,9,1,False
2023-12-28,Food,28.05,12,3,False
2024-03-16,Shopping,82.96,3,5,True
2023-05-22,Entertainment,34.93,5,0,False
2024-03-07,Shopping,84.84,3,3,False
2024-12-01,Health,72.97,12,6,True
2023-02-18,Health,75.15,2,5,True
2023-12-07,Shopping,67.75,12,3,False
2024-12-04,Health,74.92,12,2,False
2023-08-21,Food,23.85,8,0,False
2023-12-10,Shopping,68.5,12,6,True
2024-07-24,Food,19.25,7,2,False
2024-07-04,Shopping,57.06,7,3,False
2023-11-29,Health,81.13,11,2,False
2024-07-10,Food,39.81,7,2,False
2024-08-06,Shopping,52.91,8,1,False
2023-04-19,Bills,88.02,4,2,False
2024-08-24,Bills,110.29,8,5,True
2023-09-07,Shopping,61.45,9,3,False
2024-10-19,Transport,8.85,10,5,True
2023-11-20,Health,85.88,11,0,False
2024-04-29,Entertainment,50.86,4,0,False
2024-02-16,Bills,97.95,2,4,False
2024-10-16,Food,33.58,10,2,False
2023-04-15,Transport,26.76,4,5,True
2023-09-23,Health,62.66,9,5,True
2023-07-29,Entertainment,42.07,7,5,True
2024-06-23,Entertainment,47.59,6,6,True
2023-03-25,Health,80.58,3,5,True
2023-10-23,Transport,7.55,10,0,False
2023-03-22,Food,8.03,3,2,False
2023-11-07,Shopping,53.54,11,1,False
2023-12-23,Shopping,54.3,12,5,True
2023-10-06,Food,31.18,10,4,False
2023-10-21,Bills,110.48,10,5,True
2024-02-24,Entertainment,36.65,2,5,True
2024-03-04,Food,35.01,3,0,False
2023-07-07,Bills,93.29,7,4,False
2024-03-26,Entertainment,21.81,3,1,False
2024-07-13,Transport,8.07,7,5,True
2023-04-28,Bills,105.77,4,4,False
2023-10-17,Bills,76.08,10,1,False
2023-01-07,Bills,98.46,1,5,True
2023-07-21,Bills,104.31,7,4,False
2024-02-23,Entertainment,52.74,2,4,False
2024-01-30,Food,20.02,1,1,False
2024-07-29,Shopping,72.22,7,0,False
2024-03-15,Bills,101.11,3,4,False
2024-04-30,Food,25.28,4,1,False
2024-07-10,Bills,104.18,7,2,False
2024-10-27,Entertainment,22.33,10,6,True
2023-09-19,Entertainment,25.49,9,1,False
2023-05-05,Shopping,65.61,5,4,False
2023-05-05,Shopping,57.05,5,4,False
2023-06-19,Bills,106.97,6,0,False
2024-12-08,Transport,11.66,12,6,True
2023-07-20,Food,27.02,7,3,False
2024-09-29,Bills,92.22,9,6,True
2023-04-19,Health,68.06,4,2,False
2023-11-01,Shopping,61.43,11,2,False
2024-11-04,Shopping,66.38,11,0,False
2024-07-07,Transport,20.01,7,6,True
2024-02-20,Shopping,47.39,2,1,False
2023-10-27,Entertainment,31.35,10,4,False
2023-12-25,Bills,109.61,12,0,False
2023-10-07,Shopping,41.75,10,5,True
2024-04-27,Shopping,57.95,4,5,True
2024-03-10,Shopping,83.34,3,6,True
2023-09-30,Entertainment,42.92,9,5,True
2024-10-25,Transport,23.99,10,4,False
2023-06-14,Shopping,60.85,6,2,False
2024-09-04,Bills,99.15,9,2,False
2024-10-20,Entertainment,42.54,10,6,True
2024-11-15,Bills,104.68,11,4,False
2023-09-03,Shopping,63.27,9,6,True
2024-05-31,Food,41.29,5,4,False
2023-07-03,Bills,94.76,7,0,False
2024-08-04,Food,24.63,8,6,True
2023-05-27,Transport,14.87,5,5,True
2024-08-04,Transport,18.91,8,6,True
2023-08-16,Health,106.74,8,2,False
2024-02-11,Entertainment,49.57,2,6,True
2024-12-15,Food,38.63,12,6,True
2024-12-31,Transport,6.68,12,1,False
2024-08-26,Entertainment,55.18,8,0,False
2023-12-31,Entertainment,56.95,12,6,True
2023-02-17,Food,11.15,2,4,False
2023-05-27,Health,89.63,5,5,True
2023-11-19,Entertainment,47.23,11,6,True
2023-04-24,Health,71.38,4,0,False
2023-12-15,Health,89.52,12,4,False
2023-11-16,Health,91.01,11,3,False
2023-10-04,Bills,93.73,10,2,False
2024-11-26,Health,88.62,11,1,False
2023-02-26,Health,89.53,2,6,True
2023-11-23,Health,85.13,11,3,False
2024-10-08,Entertainment,47.25,10,1,False
2023-01-01,Shopping,65.16,1,6,True
2023-05-21,Shopping,64.67,5,6,True
2023-09-14,Bills,104.86,9,3,False
2024-06-30,Transport,12.77,6,6,True
2024-01-19,Bills,91.27,1,4,False
2024-02-18,Health,84.7,2,6,True
2023-07-07,Shopping,41.44,7,4,False
2024-11-15,Transport,18.91,11,4,False
2024-10-18,Transport,22.93,10,4,False
2024-01-15,Health,63.92,1,0,False
2024-05-22,Transport,7.37,5,2,False
2023-10-22,Entertainment,48.29,10,6,True
2023-08-19,Shopping,58.06,8,5,True
2023-11-17,Food,25.79,11,4,False
2024-06-16,Entertainment,40.23,6,6,True
2023-02-22,Entertainment,31.45,2,2,False
2023-12-03,Health,83.35,12,6,True
2023-03-15,Transport,17.19,3,2,False
2024-10-21,Transport,27.89,10,0,False
2023-01-14,Transport,23.43,1,5,True
2024-02-12,Health,85.59,2,0,False
2023-01-30,Bills,103.92,1,0,False
2024-04-10,Bills,94.91,4,2,False
2024-09-22,Health,70.36,9,6,True
2024-07-14,Food,34.36,7,6,True
2023-08-29,Transport,22.07,8,1,False
2024-12-26,Health,89.3,12,3,False
2023-07-28,Transport,5.0,7,4,False
2023-06-06,Bills,95.71,6,1,False
2024-10-12,Food,11.54,10,5,True
2024-11-04,Bills,91.81,11,0,False
2024-03-27,Bills,81.2,3,2,False
2024-07-21,Bills,88.11,7,6,True
2024-11-21,Shopping,67.38,11,3,False
2024-12-29,Transport,16.11,12,6,True
2023-06-24,Shopping,69.65,6,5,True
2024-06-19,Bills,112.36,6,2,False
2024-06-06,Food,28.98,6,3,False
2024-12-13,Shopping,61.58,12,4,False
2024-12-23,Bills,75.75,12,0,False
2024-07-06,Entertainment,39.7,7,5,True
2023-10-30,Transport,27.71,10,0,False
2024-03-30,Food,31.31,3,5,True
2023-01-13,Transport,5.0,1,4,False
2024-06-11,Food,38.39,6,1,False
2023-11-25,Health,90.39,11,5,True
2023-04-10,Shopping,59.24,4,0,False
2023-06-22,Shopping,52.58,6,3,False
2023-09-20,Bills,95.82,9,2,False
2023-10-01,Entertainment,50.75,10,6,True
2023-05-29,Bills,86.31,5,0,False
2024-05-02,Health,81.92,5,3,False
2023-09-09,Entertainment,38.52,9,5,True
2023-08-15,Shopping,42.56,8,1,False
2023-02-22,Transport,16.19,2,2,False
2024-07-11,Shopping,44.75,7,3,False
2024-02-02,Transport,5.0,2,4,False
2024-11-05,Food,16.41,11,1,False
2023-07-01,Bills,111.95,7,5,True
2024-06-19,Shopping,65.38,6,2,False
2023-07-07,Transport,14.58,7,4,False
2023-08-18,Food,35.54,8,4,False
2024-11-17,Food,17.77,11,6,True
2023-04-14,Bills,97.62,4,4,False
2023-05-14,Shopping,61.92,5,6,True
2024-10-26,Food,16.53,10,5,True
2024-09-29,Bills,107.31,9,6,True
2024-06-11,Entertainment,45.91,6,1,False
2023-08-16,Entertainment,59.91,8,2,False
2024-04-01,Entertainment,43.71,4,0,False
2024-05-18,Shopping,71.53,5,5,True
2023-08-02,Entertainment,36.04,8,2,False
2024-05-03,Shopping,58.2,5,4,False
2024-09-01,Transport,31.71,9,6,True
2024-04-15,Bills,98.92,4,0,False
2023-08-06,Bills,105.37,8,6,True
2024-06-23,Health,80.52,6,6,True
2023-08-21,Food,18.38,8,0,False
2023-12-28,Food,19.02,12,3,False
2023-01-26,Food,28.93,1,3,False
2023-09-24,Shopping,74.13,9,6,True
2024-11-23,Bills,115.81,11,5,True
2024-05-05,Food,14.85,5,6,True
2023-02-18,Bills,112.43,2,5,True
2024-07-22,Food,16.01,7,0,False
2024-11-16,Transport,19.5,11,5,True
2024-08-18,Bills,101.98,8,6,True
2023-12-27,Entertainment,38.99,12,2,False
2024-02-26,Entertainment,34.56,2,0,False
2023-01-15,Shopping,66.55,1,6,True
2024-03-21,Transport,16.85,3,3,False
2024-08-12,Transport,13.3,8,0,False
2023-01-03,Health,66.86,1,1,False
2024-06-01,Shopping,69.54,6,5,True
2024-09-11,Food,24.55,9,2,False
2024-12-21,Entertainment,44.48,12,5,True
2024-10-29,Bills,103.71,10,1,False
2024-08-04,Food,25.48,8,6,True
2023-05-19,Shopping,63.32,5,4,False
2024-08-23,Transport,7.83,8,4,False
2023-06-03,Health,81.57,6,5,True
2023-09-17,Bills,104.26,9,6,True
2023-09-04,Shopping,60.19,9,0,False
2023-12-28,Health,70.39,12,3,False
2024-03-02,Food,33.31,3,5,True
2023-07-06,Bills,114.84,7,3,False
2023-03-27,Bills,103.56,3,0,False
2023-05-17,Shopping,47.5,5,2,False
2023-11-18,Entertainment,46.05,11,5,True
2024-09-04,Entertainment,39.8,9,2,False
2024-10-14,Shopping,55.13,10,0,False
2023-01-10,Bills,92.42,1,1,False
2024-10-28,Transport,5.0,10,0,False
2024-05-13,Food,11.56,5,0,False
2024-09-20,Health,63.97,9,4,False
2024-11-05,Entertainment,41.01,11,1,False
2024-12-18,Food,30.88,12,2,False
2023-10-01,Shopping,64.06,10,6,True
2023-04-01,Transport,5.0,4,5,True
2023-11-20,Food,17.9,11,0,False
2024-02-08,Bills,94.02,2,3,False
2023-09-23,Entertainment,35.93,9,5,True
2024-08-02,Shopping,66.86,8,4,False
2023-09-13,Entertainment,20.67,9,2,False
2024-08-10,Transport,31.89,8,5,True
2024-02-07,Shopping,67.79,2,2,False
2023-11-23,Transport,12.09,11,3,False
2024-07-05,Shopping,74.11,7,4,False
2023-03-25,Transport,10.95,3,5,True
2024-09-19,Shopping,47.48,9,3,False
2023-05-27,Health,83.64,5,5,True
2024-05-08,Food,10.94,5,2,False
2024-02-25,Food,15.69,2,6,True
2024-12-07,Entertainment,35.21,12,5,True
2024-06-19,Transport,24.58,6,2,False
2023-01-04,Entertainment,10.75,1,2,False
2023-06-30,Bills,112.48,6,4,False
2023-10-06,Shopping,66.9,10,4,False
2023-12-23,Food,5.0,12,5,True
2024-10-11,Health,79.72,10,4,False
2024-01-19,Entertainment,37.8,1,4,False
2023-12-08,Bills,112.17,12,4,False
2023-12-09,Transport,23.21,12,5,True
2023-11-02,Health,91.94,11,3,False
2024-02-15,Entertainment,30.19,2,3,False
2023-07-25,Food,32.83,7,1,False
2024-07-04,Health,77.48,7,3,False
2023-08-01,Health,97.39,8,1,False
2024-07-24,Transport,24.79,7,2,False
2023-07-21,Entertainment,41.33,7,4,False
2024-10-12,Transport,5.0,10,5,True
2024-12-26,Food,29.75,12,3,False
2023-04-21,Food,23.54,4,4,False
2024-09-26,Shopping,74.57,9,3,False
2023-07-10,Food,28.12,7,0,False
2024-07-16,Bills,99.51,7,1,False
2023-07-13,Entertainment,44.49,7,3,False
2023-07-17,Food,20.82,7,0,False
2024-02-22,Entertainment,49.42,2,3,False
2024-11-11,Shopping,56.32,11,0,False
2023-12-06,Bills,95.4,12,2,False
2023-09-02,Entertainment,43.12,9,5,True
2023-06-24,Shopping,55.51,6,5,True
2023-07-02,Food,23.17,7,6,True
2023-04-10,Bills,80.35,4,0,False
2024-01-04,Entertainment,36.01,1,3,False
2023-03-19,Transport,18.0,3,6,True
2023-09-27,Transport,5.0,9,2,False
2023-11-11,Shopping,56.43,11,5,True
2023-06-17,Entertainment,22.22,6,5,True
2023-12-02,Health,73.45,12,5,True
2024-06-08,Health,58.47,6,5,True
2024-07-08,Transport,25.97,7,0,False
2023-03-30,Bills,110.54,3,3,False
2024-05-28,Health,94.94,5,1,False
2023-11-09,Shopping,57.95,11,3,False
2024-01-10,Entertainment,35.3,1,2,False
2024-09-17,Entertainment,26.55,9,1,False
2023-05-04,Food,31.82,5,3,False
2023-04-23,Bills,89.98,4,6,True
2023-10-10,Bills,88.98,10,1,False
2024-02-05,Health,92.18,2,0,False
2023-03-10,Health,71.32,3,4,False
2023-02-28,Food,19.64,2,1,False
2023-01-19,Health,62.93,1,3,False
2023-07-16,Entertainment,38.44,7,6,True
2024-03-27,Food,19.52,3,2,False
2023-05-21,Bills,111.17,5,6,True
2024-06-09,Entertainment,54.48,6,6,True
2023-05-08,Health,84.24,5,0,False
2023-12-27,Food,23.32,12,2,False
2024-01-27,Transport,19.05,1,5,True
2023-11-18,Health,79.58,11,5,True
2024-07-23,Shopping,60.44,7,1,False
2023-03-23,Transport,18.79,3,3,False
2024-04-12,Food,25.96,4,4,False
2024-08-05,Entertainment,25.56,8,0,False
2024-01-22,Transport,32.06,1,0,False
2024-05-28,Bills,101.19,5,1,False
2024-08-08,Health,80.88,8,3,False
2023-10-22,Entertainment,43.96,10,6,True
2024-10-30,Health,78.83,10,2,False
2023-05-28,Bills,92.77,5,6,True
2024-02-07,Bills,101.15,2,2,False
2023-11-05,Transport,6.24,11,6,True
2023-05-14,Entertainment,51.9,5,6,True
2024-07-13,Health,90.14,7,5,True
2024-03-18,Bills,121.55,3,0,False
2023-11-11,Health,70.22,11,5,True
2024-07-13,Shopping,63.91,7,5,True
2024-09-01,Health,66.74,9,6,True
2023-01-25,Shopping,57.71,1,2,False
2023-03-09,Food,24.57,3,3,False
2023-05-17,Bills,107.58,5,2,False
2023-09-19,Health,94.59,9,1,False
2024-10-18,Transport,14.76,10,4,False
2024-02-23,Bills,98.26,2,4,False
2024-05-21,Shopping,58.69,5,1,False
2023-09-28,Bills,108.26,9,3,False
2024-08-27,Entertainment,57.5,8,1,False
2024-01-12,Food,38.81,1,4,False
2023-06-19,Transport,9.97,6,0,False
2024-01-04,Shopping,62.63,1,3,False
2023-05-31,Bills,93.01,5,2,False
2023-10-23,Entertainment,31.29,10,0,False
2023-03-02,Transport,21.82,3,3,False
2023-11-27,Transport,29.87,11,0,False
2024-08-28,Transport,12.29,8,2,False
2023-06-13,Entertainment,48.93,6,1,False
2023-11-15,Shopping,55.26,11,2,False
2024-08-25,Health,93.26,8,6,True
2024-11-21,Health,86.83,11,3,False
2024-01-25,Entertainment,37.91,1,3,False
2023-10-22,Food,20.8,10,6,True
2024-07-23,Entertainment,53.63,7,1,False
2023-05-03,Bills,99.98,5,2,False
2024-09-17,Bills,112.72,9,1,False
2024-09-10,Shopping,56.04,9,1,False
2023-03-04,Health,93.97,3,5,True
2024-05-26,Entertainment,27.08,5,6,True
2023-08-02,Shopping,64.27,8,2,False
2023-03-29,Bills,93.19,3,2,False
2023-01-03,Health,70.98,1,1,False
2023-05-01,Food,39.88,5,0,False
2023-01-21,Transport,15.85,1,5,True
2024-03-30,Entertainment,45.71,3,5,True
2023-03-10,Food,34.68,3,4,False
2023-07-15,Bills,101.0,7,5,True
2024-06-18,Food,8.4,6,1,False
2023-10-04,Shopping,70.49,10,2,False
2023-06-02,Shopping,55.33,6,4,False
2023-11-07,Health,68.54,11,1,False
2023-12-28,Transport,5.0,12,3,False
2023-04-07,Food,22.7,4,4,False
2023-04-19,Entertainment,31.49,4,2,False
2023-02-08,Health,94.48,2,2,False
2023-03-28,Food,26.06,3,1,False
2023-03-17,Entertainment,37.87,3,4,False
2024-04-01,Shopping,59.63,4,0,False
2023-08-27,Shopping,75.95,8,6,True
2024-01-07,Shopping,53.61,1,6,True
2024-02-05,Shopping,69.76,2,0,False
2023-01-18,Health,89.18,1,2,False
2024-10-23,Health,72.9,10,2,False
2023-04-25,Bills,87.41,4,1,False
2024-11-04,Food,18.31,11,0,False
2024-11-09,Health,69.8,11,5,True
2023-05-07,Entertainment,51.99,5,6,True
2024-10-25,Entertainment,32.1,10,4,False
2024-05-23,Food,9.14,5,3,False
2023-01-19,Entertainment,21.2,1,3,False
2023-11-26,Transport,15.0,11,6,True
2024-05-13,Shopping,47.03,5,0,False
2023-04-03,Shopping,59.58,4,0,False
2023-11-13,Shopping,79.31,11,0,False
2023-10-22,Transport,5.0,10,6,True
2023-11-01,Entertainment,40.32,11,2,False
2023-01-07,Transport,5.0,1,5,True
2024-07-27,Food,27.6,7,5,True
2023-06-20,Food,15.93,6,1,False
2024-06-24,Shopping,77.09,6,0,False
2024-02-20,Transport,17.81,2,1,False
2023-04-03,Food,42.59,4,0,False
2024-08-20,Food,5.0,8,1,False
2023-07-18,Health,78.13,7,1,False
2024-02-17,Entertainment,36.38,2,5,True
2023-05-19,Shopping,72.15,5,4,False
2024-06-25,Food,22.24,6,1,False
2023-07-04,Bills,109.41,7,1,False
2023-12-01,Bills,103.61,12,4,False
2023-03-23,Transport,15.34,3,3,False
2023-11-29,Shopping,52.49,11,2,False
2023-07-25,Entertainment,39.06,7,1,False
2024-07-27,Bills,117.62,7,5,True
2023-05-02,Entertainment,37.17,5,1,False
2023-04-06,Entertainment,51.1,4,3,False
2023-09-13,Food,20.95,9,2,False
2023-12-14,Bills,101.04,12,3,False
2023-07-20,Transport,9.21,7,3,False
2023-11-10,Shopping,38.35,11,4,False
2024-04-24,Transport,18.05,4,2,False
2024-05-14,Food,16.99,5,1,False
2023-04-02,Food,40.06,4,6,True
2023-08-08,Health,83.56,8,1,False
2024-12-27,Entertainment,42.18,12,4,False
2024-07-29,Transport,16.91,7,0,False
2024-04-14,Health,89.41,4,6,True
2024-11-12,Shopping,50.12,11,1,False
2024-06-03,Entertainment,49.33,6,0,False
2023-02-09,Shopping,56.29,2,3,False
2024-12-16,Transport,5.0,12,0,False
2023-10-27,Entertainment,30.92,10,4,False
2024-10-19,Health,95.19,10,5,True
2024-01-04,Health,69.08,1,3,False
2024-11-08,Entertainment,48.9,11,4,False
2023-08-10,Shopping,48.24,8,3,False
2023-06-05,Shopping,51.05,6,0,False
2024-01-13,Health,84.63,1,5,True
2024-08-08,Shopping,46.33,8,3,False
2023-07-26,Bills,103.5,7,2,False
2023-12-06,Transport,14.72,12,2,False
2023-12-06,Bills,95.89,12,2,False
2024-11-07,Health,74.93,11,3,False
2023-03-11,Shopping,56.67,3,5,True
2024-05-31,Bills,104.92,5,4,False
2023-04-30,Health,67.65,4,6,True
2023-02-25,Health,91.65,2,5,True
2024-11-29,Shopping,78.97,11,4,False
2023-09-15,Entertainment,32.77,9,4,False
2023-07-01,Shopping,67.57,7,5,True
2024-04-02,Entertainment,46.12,4,1,False
2023-12-31,Entertainment,29.83,12,6,True
2024-04-03,Entertainment,37.56,4,2,False
2024-05-13,Health,61.88,5,0,False
2023-10-31,Shopping,66.41,10,1,False
2024-08-20,Health,69.68,8,1,False
2024-11-25,Entertainment,51.13,11,0,False
2024-03-17,Entertainment,38.72,3,6,True
2023-05-05,Transport,21.6,5,4,False
2023-12-05,Food,26.94,12,1,False
2023-01-19,Entertainment,33.97,1,3,False
2024-03-25,Transport,17.34,3,0,False
2023-02-17,Entertainment,29.28,2,4,False
2024-10-12,Health,93.9,10,5,True
2023-07-10,Entertainment,24.93,7,0,False
2024-07-16,Shopping,66.26,7,1,False
2023-01-14,Entertainment,48.85,1,5,True
2023-10-15,Entertainment,35.62,10,6,True
2024-11-24,Transport,25.59,11,6,True
2024-04-15,Entertainment,40.01,4,0,False
2024-02-29,Entertainment,27.23,2,3,False
2024-05-25,Food,11.88,5,5,True
2023-03-05,Bills,108.68,3,6,True
2023-07-12,Bills,100.93,7,2,False
2024-12-21,Shopping,54.66,12,5,True
2024-03-05,Health,81.69,3,1,False
2024-01-10,Entertainment,35.99,1,2,False
2023-02-12,Bills,119.06,2,6,True
2023-06-15,Entertainment,35.37,6,3,False
2023-06-05,Transport,5.0,6,0,False
2024-03-13,Transport,11.87,3,2,False
2024-08-09,Bills,95.34,8,4,False
2023-01-08,Shopping,58.49,1,6,True
2023-10-23,Transport,16.95,10,0,False
2024-09-19,Health,72.42,9,3,False
2024-06-02,Shopping,72.13,6,6,True
2023-09-13,Food,19.97,9,2,False
2023-06-28,Bills,106.88,6,2,False
2023-08-11,Food,14.79,8,4,False
2023-09-21,Shopping,58.18,9,3,False
2023-11-05,Bills,95.15,11,6,True
2023-03-05,Transport,8.34,3,6,True
2023-12-30,Transport,13.22,12,5,True
2023-10-03,Transport,10.09,10,1,False
2024-07-17,Shopping,57.15,7,2,False
2023-03-25,Entertainment,35.89,3,5,True
2023-07-11,Shopping,55.16,7,1,False
2024-07-21,Bills,95.51,7,6,True
2024-02-24,Shopping,70.9,2,5,True
2023-01-13,Bills,105.95,1,4,False
2023-08-11,Transport,9.43,8,4,False
2023-06-15,Health,60.82,6,3,False
2023-10-29,Health,78.5,10,6,True
2024-03-28,Health,72.94,3,3,False
2023-12-21,Bills,110.08,12,3,False
2023-04-22,Bills,91.53,4,5,True
2023-09-04,Transport,14.75,9,0,False
2024-03-14,Transport,6.36,3,3,False
2023-03-30,Transport,5.0,3,3,False
2024-01-06,Bills,104.82,1,5,True
2023-09-28,Shopping,63.69,9,3,False
2023-02-01,Food,5.0,2,2,False
2023-07-20,Bills,119.87,7,3,False
2024-03-03,Health,75.76,3,6,True
2023-08-15,Transport,25.36,8,1,False
2024-03-14,Bills,104.34,3,3,False
2024-05-02,Shopping,33.73,5,3,False
2023-08-17,Health,99.04,8,3,False
2023-09-27,Health,96.26,9,2,False
2023-05-12,Bills,79.03,5,4,False
2024-11-02,Entertainment,48.64,11,5,True
2024-04-30,Health,77.83,4,1,False
2024-03-26,Bills,102.3,3,1,False
2024-10-04,Shopping,68.47,10,4,False
2024-08-30,Shopping,58.04,8,4,False
2024-02-26,Health,76.5,2,0,False
2024-09-02,Transport,5.04,9,0,False
2024-01-22,Entertainment,52.38,1,0,False
2023-12-15,Shopping,51.23,12,4,False
2024-12-02,Bills,88.98,12,0,False
2024-12-25,Transport,21.81,12,2,False
2024-08-18,Health,86.7,8,6,True
2024-09-17,Food,38.66,9,1,False
2023-10-03,Bills,93.63,10,1,False
2024-04-25,Food,29.58,4,3,False
2023-09-30,Transport,16.42,9,5,True
2023-11-11,Transport,20.75,11,5,True
2023-04-21,Entertainment,47.42,4,4,False
2023-01-02,Health,89.99,1,0,False
2024-12-22,Food,28.6,12,6,True
2024-05-12,Shopping,61.69,5,6,True
2023-08-26,Health,100.24,8,5,True
2024-08-28,Shopping,57.18,8,2,False
2024-09-15,Food,49.1,9,6,True
2023-07-20,Bills,102.21,7,3,False
2024-12-14,Bills,93.49,12,5,True
2024-11-22,Health,80.02,11,4,False
2024-02-21,Food,37.0,2,2,False
2023-01-01,Bills,97.81,1,6,True
2023-04-08,Food,20.72,4,5,True
2023-08-25,Health,59.53,8,4,False
2023-03-13,Entertainment,35.84,3,0,False
2023-08-20,Transport,5.0,8,6,True
2024-12-02,Entertainment,34.65,12,0,False
2023-09-30,Food,28.58,9,5,True
2024-02-20,Transport,21.86,2,1,False
2024-02-11,Health,98.49,2,6,True
2023-12-08,Transport,26.22,12,4,False
2024-05-13,Health,71.82,5,0,False
2024-12-12,Food,18.85,12,3,False
2023-05-29,Entertainment,23.59,5,0,False
2024-03-25,Entertainment,52.08,3,0,False
2023-01-06,Entertainment,57.03,1,4,False
2023-07-03,Health,88.74,7,0,False
2023-10-20,Entertainment,25.08,10,4,False
2023-09-01,Bills,106.77,9,4,False
2024-11-06,Transport,12.55,11,2,False
2023-09-26,Bills,104.7,9,1,False
2023-08-16,Bills,119.48,8,2,False
2024-05-08,Entertainment,29.12,5,2,False
2024-11-26,Entertainment,27.21,11,1,False
2023-07-29,Food,31.4,7,5,True
2024-05-06,Entertainment,38.09,5,0,False
2023-05-17,Bills,91.2,5,2,False
2024-06-20,Transport,5.0,6,3,False
2024-08-01,Transport,17.64,8,3,False
2023-12-26,Transport,22.25,12,1,False
2023-07-30,Entertainment,33.51,7,6,True
2023-10-10,Food,21.53,10,1,False
2023-09-28,Entertainment,46.35,9,3,False
2023-10-09,Transport,5.0,10,0,False
2023-12-17,Transport,26.36,12,6,True
2023-05-09,Health,68.94,5,1,False
2024-08-23,Transport,9.71,8,4,False
2024-03-08,Bills,89.43,3,4,False
2024-12-26,Shopping,62.29,12,3,False
2023-10-21,Shopping,77.13,10,5,True
2023-05-23,Transport,22.8,5,1,False
2023-10-29,Food,8.75,10,6,True
2023-03-11,Food,25.43,3,5,True
2024-10-22,Bills,97.43,10,1,False
2024-12-26,Entertainment,53.93,12,3,False
2023-06-29,Food,5.0,6,3,False
2024-12-12,Entertainment,38.77,12,3,False
2023-08-25,Shopping,60.93,8,4,False
2023-11-07,Shopping,75.16,11,1,False
2024-11-30,Entertainment,46.02,11,5,True
2023-01-30,Entertainment,30.48,1,0,False
2024-08-24,Shopping,60.77,8,5,True
2024-03-20,Shopping,40.92,3,2,False
2023-09-04,Bills,91.4,9,0,False
2024-08-10,Food,9.79,8,5,True
2023-04-21,Food,22.66,4,4,False
2023-07-10,Transport,25.83,7,0,False
2023-07-28,Health,75.29,7,4,False
2024-11-08,Entertainment,27.13,11,4,False
2024-11-17,Food,11.03,11,6,True
2024-06-12,Health,64.81,6,2,False
2023-06-12,Health,51.68,6,0,False
2024-06-09,Shopping,74.94,6,6,True
2023-09-26,Food,29.36,9,1,False
2024-02-19,Shopping,54.67,2,0,False
2024-02-11,Food,27.26,2,6,True
2023-01-26,Shopping,49.06,1,3,False
2024-07-24,Transport,6.78,7,2,False
2023-05-26,Bills,117.23,5,4,False
2023-01-13,Bills,104.99,1,4,False
2024-02-03,Entertainment,50.32,2,5,True
2024-09-03,Entertainment,53.46,9,1,False
2023-05-02,Bills,104.25,5,1,False
2023-05-25,Entertainment,51.97,5,3,False
2023-02-19,Food,40.96,2,6,True
2023-05-08,Health,76.43,5,0,False
2024-04-07,Health,76.23,4,6,True
2023-07-09,Bills,96.5,7,6,True
2024-03-04,Transport,5.0,3,0,False
2023-06-20,Food,28.22,6,1,False
2024-05-01,Shopping,37.44,5,2,False
2023-05-05,Food,18.37,5,4,False
2024-04-02,Health,99.9,4,1,False
2024-02-27,Bills,103.51,2,1,False
2024-09-01,Entertainment,43.02,9,6,True
2023-12-16,Health,87.53,12,5,True
2024-09-25,Shopping,40.33,9,2,False
2023-01-06,Transport,5.0,1,4,False
2023-05-26,Transport,5.0,5,4,False
2023-07-31,Health,81.44,7,0,False
2024-09-15,Entertainment,52.51,9,6,True
2024-02-05,Bills,102.26,2,0,False
2024-03-27,Food,16.36,3,2,False
2024-12-26,Health,92.79,12,3,False
2023-10-18,Health,76.9,10,2,False
2024-05-29,Food,15.31,5,2,False
2023-11-12,Bills,112.82,11,6,True
2023-04-23,Entertainment,50.88,4,6,True
2023-08-21,Food,29.44,8,0,False
2023-06-24,Shopping,48.48,6,5,True
2023-02-16,Bills,77.52,2,3,False
2023-08-25,Food,37.61,8,4,False
2024-08-08,Health,89.43,8,3,False
2024-08-28,Food,36.1,8,2,False
2023-01-25,Health,75.4,1,2,False
2023-04-09,Entertainment,30.47,4,6,True
2024-06-06,Shopping,56.26,6,3,False
2024-07-29,Transport,9.93,7,0,False
2023-05-01,Transport,13.42,5,0,False
2024-04-27,Shopping,59.74,4,5,True
2023-07-06,Transport,5.0,7,3,False
2023-10-25,Bills,91.88,10,2,False
2024-11-30,Shopping,58.8,11,5,True
2024-04-18,Entertainment,40.16,4,3,False
2023-10-10,Health,68.38,10,1,False
2023-03-04,Shopping,56.91,3,5,True
2024-04-09,Bills,98.89,4,1,False
2023-06-24,Bills,91.03,6,5,True
2024-09-04,Health,70.68,9,2,False
2023-03-12,Shopping,47.78,3,6,True
2023-06-29,Bills,108.05,6,3,False
2023-08-16,Health,89.16,8,2,False
2024-03-11,Entertainment,33.49,3,0,False
2023-06-14,Entertainment,33.66,6,2,False
2023-11-07,Bills,116.86,11,1,False
2023-06-13,Transport,18.42,6,1,False
2023-08-12,Transport,30.68,8,5,True
2024-10-14,Entertainment,31.4,10,0,False
2023-08-09,Bills,89.98,8,2,False
2024-07-03,Health,72.48,7,2,False
2023-04-26,Food,26.43,4,2,False
2023-02-19,Transport,5.0,2,6,True
2024-05-31,Bills,104.68,5,4,False
2023-10-05,Transport,35.81,10,3,False
2023-10-27,Transport,14.45,10,4,False
2024-08-29,Bills,95.34,8,3,False
2023-05-27,Transport,21.05,5,5,True
2024-03-16,Shopping,71.15,3,5,True
2023-07-08,Entertainment,23.15,7,5,True
2023-07-13,Bills,79.35,7,3,False
2023-05-24,Health,79.43,5,2,False
2023-03-29,Food,21.17,3,2,False
2023-12-07,Bills,105.56,12,3,False
2024-08-29,Food,49.29,8,3,False
2023-08-13,Entertainment,46.63,8,6,True
2024-01-21,Transport,7.76,1,6,True
2023-04-18,Entertainment,49.0,4,1,False
2023-01-12,Entertainment,44.51,1,3,False
2024-05-04,Entertainment,56.67,5,5,True
2024-10-17,Transport,30.23,10,3,False
2023-11-12,Health,63.43,11,6,True
2023-04-06,Shopping,54.76,4,3,False
2024-03-19,Transport,21.19,3,1,False
2023-12-27,Health,66.84,12,2,False
2024-07-07,Shopping,48.35,7,6,True
2023-07-04,Bills,106.09,7,1,False
2023-12-29,Entertainment,31.53,12,4,False
2024-04-18,Food,37.5,4,3,False
2023-11-18,Bills,95.82,11,5,True
2023-07-20,Transport,5.0,7,3,False
2024-05-19,Transport,14.38,5,6,True
2024-07-31,Food,37.29,7,2,False
2024-03-10,Bills,99.41,3,6,True
2024-01-21,Food,42.89,1,6,True
2023-03-19,Transport,31.22,3,6,True
2023-10-07,Shopping,79.51,10,5,True
2024-09-13,Health,83.76,9,4,False
2023-05-30,Health,83.11,5,1,False
2023-02-05,Shopping,62.29,2,6,True
2023-12-22,Food,6.42,12,4,False
2023-04-06,Food,28.74,4,3,False
2023-10-21,Entertainment,51.02,10,5,True
2024-10-24,Shopping,51.19,10,3,False
2024-03-27,Shopping,52.88,3,2,False
2023-04-14,Entertainment,37.62,4,4,False
2024-12-10,Bills,100.46,12,1,False
2023-12-03,Shopping,62.02,12,6,True
2024-02-05,Food,22.59,2,0,False
2023-11-06,Bills,92.4,11,0,False
2024-01-07,Entertainment,42.87,1,6,True
2023-07-25,Entertainment,27.02,7,1,False
2023-07-09,Shopping,52.42,7,6,True
2023-09-08,Bills,106.08,9,4,False
2023-11-22,Food,52.66,11,2,False
2024-08-29,Health,74.6,8,3,False
2024-10-02,Bills,86.54,10,2,False
2024-08-30,Entertainment,32.04,8,4,False
2024-06-11,Entertainment,38.16,6,1,False
2024-06-15,Health,60.37,6,5,True
2024-03-12,Food,21.05,3,1,False
2024-12-06,Shopping,62.71,12,4,False
2023-04-22,Entertainment,50.57,4,5,True
2024-11-03,Entertainment,48.43,11,6,True
2023-12-30,Bills,112.06,12,5,True
2023-07-31,Shopping,67.81,7,0,False
2023-08-31,Health,73.75,8,3,False
2023-04-12,Entertainment,28.18,4,2,False
2023-07-07,Food,29.49,7,4,False
2023-03-27,Bills,120.86,3,0,False
2023-02-12,Entertainment,29.85,2,6,True
2023-07-19,Transport,5.0,7,2,False
2023-10-26,Shopping,61.96,10,3,False
2023-05-17,Bills,110.18,5,2,False
2024-03-10,Bills,104.65,3,6,True
2023-07-26,Health,79.26,7,2,False
2024-06-06,Health,78.36,6,3,False
2024-09-01,Entertainment,33.26,9,6,True
2024-01-04,Transport,5.0,1,3,False
2023-08-08,Food,25.39,8,1,False
2023-02-21,Health,84.11,2,1,False
2024-01-11,Entertainment,50.11,1,3,False
2024-10-13,Entertainment,47.49,10,6,True
2024-07-16,Shopping,77.27,7,1,False
2024-12-20,Food,27.21,12,4,False
2023-09-26,Food,19.85,9,1,False
2023-04-26,Health,88.71,4,2,False
2023-09-17,Entertainment,42.03,9,6,True
2024-09-25,Entertainment,44.97,9,2,False
2023-12-14,Health,94.34,12,3,False
2024-05-12,Bills,102.5,5,6,True
2024-01-02,Food,19.06,1,1,False
2024-04-11,Food,23.34,4,3,False
2023-06-13,Health,84.58,6,1,False
2023-09-30,Entertainment,30.2,9,5,True
2024-12-20,Health,68.47,12,4,False
2023-03-20,Health,63.13,3,0,False
2023-08-05,Entertainment,31.89,8,5,True
2024-05-20,Health,102.18,5,0,False
2023-11-16,Food,26.73,11,3,False
2024-12-22,Food,30.11,12,6,True
2023-06-18,Transport,39.45,6,6,True
2024-01-16,Transport,9.58,1,1,False
2024-11-03,Food,29.83,11,6,True
2024-05-30,Food,15.72,5,3,False
2024-10-05,Entertainment,30.08,10,5,True
2023-03-12,Health,86.89,3,6,True
2023-06-27,Food,16.44,6,1,False
2024-09-26,Entertainment,29.72,9,3,False
2023-10-10,Health,77.3,10,1,False
2024-02-17,Entertainment,37.11,2,5,True
2024-07-12,Entertainment,59.73,7,4,False
2024-06-12,Health,66.14,6,2,False
2023-02-08,Food,47.71,2,2,False
2023-08-10,Bills,95.96,8,3,False
2024-06-13,Transport,16.95,6,3,False
2023-09-14,Transport,14.01,9,3,False
2024-08-21,Transport,20.6,8,2,False
2024-12-12,Health,71.86,12,3,False
2023-01-19,Shopping,63.99,1,3,False
2023-06-04,Food,20.11,6,6,True
2023-09-03,Shopping,40.69,9,6,True
2024-11-22,Shopping,68.7,11,4,False
2023-06-21,Health,77.8,6,2,False
2024-12-22,Bills,97.35,12,6,True
2024-02-26,Shopping,57.35,2,0,False
2024-12-22,Bills,86.37,12,6,True
2023-04-08,Shopping,59.43,4,5,True
2024-05-17,Food,32.34,5,4,False
2023-03-26,Entertainment,40.52,3,6,True
2024-02-16,Bills,105.77,2,4,False
2023-06-28,Food,12.12,6,2,False
2024-02-20,Shopping,62.93,2,1,False
2024-12-27,Shopping,61.41,12,4,False
2023-11-26,Entertainment,55.89,11,6,True
2023-05-03,Entertainment,34.83,5,2,False
2023-02-04,Health,74.52,2,5,True
2024-01-31,Health,50.71,1,2,False
2024-06-03,Transport,35.53,6,0,False
2023-12-06,Bills,110.56,12,2,False
2023-07-14,Food,52.51,7,4,False
2023-11-30,Shopping,66.08,11,3,False
2024-02-12,Food,30.24,2,0,False
2024-03-03,Food,34.12,3,6,True
2024-12-12,Food,7.67,12,3,False
2023-11-02,Bills,107.85,11,3,False
2024-02-24,Food,36.16,2,5,True
2023-06-20,Health,83.19,6,1,False
2024-06-13,Health,81.31,6,3,False
2023-05-21,Entertainment,32.11,5,6,True
2024-03-19,Food,26.02,3,1,False
2023-04-02,Entertainment,51.48,4,6,True
2023-05-17,Bills,92.71,5,2,False
2024-04-25,Bills,101.1,4,3,False
2024-03-07,Health,85.07,3,3,False
2024-03-04,Shopping,47.39,3,0,False
2024-01-05,Bills,105.07,1,4,False
2024-05-09,Shopping,51.03,5,3,False
2024-12-15,Entertainment,26.88,12,6,True
2023-02-04,Shopping,61.12,2,5,True
2024-07-10,Bills,100.46,7,2,False
2024-12-28,Food,38.66,12,5,True
2024-12-26,Health,87.45,12,3,False
2023-10-02,Transport,8.95,10,0,False
2024-11-29,Food,33.26,11,4,False
2024-06-23,Entertainment,34.49,6,6,True
2023-10-21,Shopping,80.78,10,5,True
2024-09-29,Bills,90.34,9,6,True
2024-07-11,Bills,116.29,7,3,False
2024-03-14,Health,93.68,3,3,False
2023-12-18,Health,68.31,12,0,False
2024-08-11,Entertainment,27.54,8,6,True
2023-11-09,Entertainment,32.7,11,3,False
2024-04-10,Entertainment,34.63,4,2,False
2023-05-15,Transport,22.16,5,0,False
2024-03-07,Bills,89.58,3,3,False
2023-09-02,Shopping,72.26,9,5,True
2024-06-16,Transport,5.0,6,6,True
2023-06-26,Bills,100.39,6,0,False
2023-04-11,Health,98.1,4,1,False
2024-06-20,Transport,5.0,6,3,False
2024-05-12,Food,6.6,5,6,True
2024-07-03,Health,79.68,7,2,False
2023-03-16,Health,73.28,3,3,False
2024-06-14,Transport,16.13,6,4,False
2023-08-29,Bills,105.79,8,1,False
2024-12-02,Food,5.0,12,0,False
2023-06-02,Shopping,49.44,6,4,False
2024-04-26,Food,24.85,4,4,False
2023-08-09,Entertainment,44.42,8,2,False
2023-07-01,Entertainment,52.21,7,5,True
2024-10-02,Transport,9.28,10,2,False
2024-03-14,Transport,7.1,3,3,False
2024-06-29,Food,46.25,6,5,True
2024-09-25,Health,93.31,9,2,False
2023-02-17,Entertainment,25.11,2,4,False
2024-08-22,Bills,100.94,8,3,False
2024-01-16,Food,9.11,1,1,False
2023-06-17,Food,39.8,6,5,True
2024-09-12,Food,14.7,9,3,False
2023-05-23,Entertainment,30.92,5,1,False
2023-03-10,Shopping,79.03,3,4,False
2024-08-27,Shopping,67.54,8,1,False
2024-09-12,Transport,11.02,9,3,False
2023-03-08,Health,76.84,3,2,False
2024-06-04,Health,71.76,6,1,False
2024-05-23,Transport,7.81,5,3,False
2023-06-13,Shopping,48.67,6,1,False
2023-03-14,Bills,107.59,3,1,False
2023-07-18,Transport,19.75,7,1,False
2024-09-06,Shopping,61.99,9,4,False
2023-05-31,Shopping,70.04,5,2,False
2023-03-30,Transport,7.99,3,3,False
2023-07-02,Food,44.26,7,6,True
2024-01-10,Health,69.52,1,2,False
2024-12-07,Transport,11.25,12,5,True
2023-07-11,Shopping,55.49,7,1,False
2024-12-26,Entertainment,40.11,12,3,False
2023-11-14,Food,22.76,11,1,False
2023-11-20,Food,36.19,11,0,False
2023-09-27,Food,17.56,9,2,False
2024-04-11,Health,78.1,4,3,False
2023-11-01,Food,25.57,11,2,False
2023-05-24,Health,77.08,5,2,False
2024-08-14,Bills,95.46,8,2,False
2024-08-17,Transport,22.8,8,5,True
2023-01-07,Entertainment,40.84,1,5,True
2024-06-05,Transport,19.37,6,2,False
2023-08-03,Health,77.6,8,3,False
2023-10-12,Health,80.07,10,3,False
2023-06-01,Entertainment,19.14,6,3,False
2024-06-21,Entertainment,36.08,6,4,False
2023-03-16,Health,78.26,3,3,False
2023-07-08,Health,71.68,7,5,True
2024-07-19,Health,78.91,7,4,False
2023-11-24,Entertainment,38.58,11,4,False
2023-02-28,Food,28.39,2,1,False
2024-09-12,Food,17.4,9,3,False
2024-12-08,Entertainment,41.78,12,6,True
2024-01-14,Entertainment,37.96,1,6,True
2023-08-18,Bills,118.07,8,4,False
2023-03-28,Food,30.39,3,1,False
2024-11-20,Bills,109.78,11,2,False
2023-06-14,Food,22.7,6,2,False
2024-03-07,Shopping,40.65,3,3,False
2024-07-13,Entertainment,34.07,7,5,True
2023-04-26,Health,83.15,4,2,False
2024-03-22,Shopping,52.19,3,4,False
2023-02-19,Health,75.76,2,6,True
2024-12-18,Transport,25.65,12,2,False
2024-08-13,Entertainment,54.53,8,1,False
2024-12-02,Shopping,69.97,12,0,False
2023-12-18,Shopping,52.7,12,0,False
2023-09-13,Health,79.11,9,2,False
2024-06-29,Health,81.31,6,5,True
2023-03-20,Bills,87.13,3,0,False
2023-03-23,Health,81.08,3,3,False
2024-04-21,Shopping,53.29,4,6,True
2023-12-13,Health,78.71,12,2,False
2024-01-21,Food,35.76,1,6,True
2023-04-04,Shopping,58.58,4,1,False
2023-12-06,Shopping,72.41,12,2,False
2024-04-29,Transport,11.51,4,0,False
2024-09-25,Food,20.8,9,2,False
2024-05-17,Transport,8.17,5,4,False
2023-05-12,Shopping,72.2,5,4,False
2024-08-15,Food,32.96,8,3,False
2023-11-21,Shopping,57.72,11,1,False
2024-09-08,Shopping,66.2,9,6,True
2024-05-02,Food,10.91,5,3,False
2023-09-22,Entertainment,35.91,9,4,False
2024-09-03,Health,84.79,9,1,False
2024-03-14,Shopping,66.8,3,3,False
2024-02-26,Entertainment,41.49,2,0,False
2023-04-07,Food,22.12,4,4,False
2023-08-04,Bills,78.23,8,4,False
2024-11-13,Entertainment,41.78,11,2,False
2024-06-27,Food,19.14,6,3,False
2023-08-16,Bills,103.29,8,2,False
2024-08-04,Health,92.53,8,6,True
2023-04-23,Shopping,55.52,4,6,True
2023-06-20,Shopping,71.38,6,1,False
2023-07-01,Entertainment,40.28,7,5,True
2024-12-08,Entertainment,34.15,12,6,True
2023-10-23,Health,90.06,10,0,False
2024-04-14,Transport,17.26,4,6,True
2023-02-21,Transport,15.18,2,1,False
2023-12-29,Shopping,50.25,12,4,False
2024-03-06,Bills,113.04,3,2,False
2023-10-25,Entertainment,41.16,10,2,False
2023-03-24,Health,68.84,3,4,False
2024-11-27,Bills,81.69,11,2,False
2024-06-17,Entertainment,27.72,6,0,False
2023-07-31,Health,59.24,7,0,False
2024-09-01,Food,24.14,9,6,True
2024-06-26,Health,78.5,6,2,False
2023-09-30,Health,76.73,9,5,True
2024-02-02,Food,15.16,2,4,False
2024-07-22,Bills,109.91,7,0,False
2024-04-26,Entertainment,39.08,4,4,False
2024-06-11,Bills,87.09,6,1,False
2023-03-02,Health,80.08,3,3,False
2023-03-06,Bills,96.74,3,0,False
2024-08-08,Entertainment,40.54,8,3,False
2023-04-18,Transport,17.43,4,1,False
2024-03-27,Health,67.83,3,2,False
2024-10-20,Transport,16.59,10,6,True
2023-01-10,Transport,15.35,1,1,False
2023-05-30,Food,5.31,5,1,False
2023-12-06,Food,26.63,12,2,False
2023-07-17,Entertainment,28.04,7,0,False
2023-02-14,Food,21.17,2,1,False
2024-09-12,Entertainment,38.76,9,3,False
2023-07-04,Shopping,64.03,7,1,False
2024-08-31,Health,74.51,8,5,True
2024-09-22,Health,95.7,9,6,True
2024-08-01,Shopping,58.72,8,3,False
2024-06-29,Food,27.79,6,5,True
2024-08-16,Entertainment,48.62,8,4,False
2024-09-08,Food,43.9,9,6,True
2024-06-01,Transport,21.82,6,5,True
2024-08-05,Transport,27.38,8,0,False
2023-05-06,Bills,103.8,5,5,True
2023-07-28,Food,18.86,7,4,False
2024-11-12,Entertainment,32.9,11,1,False
2024-12-16,Food,41.06,12,0,False
2023-10-11,Food,26.62,10,2,False
2024-05-08,Entertainment,34.75,5,2,False
2023-10-19,Transport,19.94,10,3,False
2023-07-18,Shopping,72.96,7,1,False
2024-05-26,Transport,5.0,5,6,True
2024-12-15,Transport,6.61,12,6,True
2023-04-27,Health,93.54,4,3,False
2023-02-10,Shopping,45.71,2,4,False
2024-08-31,Food,27.22,8,5,True
2024-12-28,Shopping,56.81,12,5,True
2023-11-14,Food,35.82,11,1,False
2023-12-03,Food,31.63,12,6,True
2024-10-22,Transport,6.93,10,1,False
2024-11-25,Shopping,75.45,11,0,False
2023-10-01,Transport,39.14,10,6,True
2024-05-10,Bills,97.54,5,4,False
2023-03-14,Health,85.96,3,1,False
2024-03-08,Shopping,63.81,3,4,False
2024-02-08,Entertainment,38.64,2,3,False
2024-09-11,Food,24.91,9,2,False
2023-09-04,Entertainment,20.11,9,0,False
2024-06-21,Food,14.06,6,4,False
2024-03-08,Transport,23.79,3,4,False
2024-04-24,Shopping,41.89,4,2,False
2024-08-10,Food,29.83,8,5,True
2024-11-26,Entertainment,51.51,11,1,False
2023-12-21,Bills,97.81,12,3,False
2024-09-21,Health,87.85,9,5,True
2023-07-08,Health,86.22,7,5,True
2023-05-09,Food,38.43,5,1,False
2024-05-01,Bills,81.88,5,2,False
2023-05-14,Bills,105.86,5,6,True
2024-10-27,Transport,7.63,10,6,True
2023-11-30,Food,23.83,11,3,False
2024-07-28,Entertainment,56.65,7,6,True
2024-03-11,Bills,91.16,3,0,False
2023-05-20,Transport,5.0,5,5,True
2024-07-09,Food,14.86,7,1,False
2024-09-01,Bills,108.48,9,6,True
2023-10-09,Shopping,67.53,10,0,False
2023-09-11,Bills,88.13,9,0,False
2023-05-10,Bills,119.08,5,2,False
2024-05-26,Bills,99.27,5,6,True
2023-03-19,Entertainment,52.5,3,6,True
2023-05-14,Shopping,46.67,5,6,True
2023-07-11,Bills,96.51,7,1,False
2023-05-03,Health,72.27,5,2,False
2024-01-08,Entertainment,42.42,1,0,False
2023-01-19,Health,66.54,1,3,False
2023-03-25,Entertainment,53.75,3,5,True
2023-05-23,Entertainment,29.03,5,1,False
2024-01-13,Shopping,63.14,1,5,True
2023-09-28,Entertainment,58.38,9,3,False
2023-04-03,Health,86.3,4,0,False
2024-09-09,Shopping,41.23,9,0,False
2024-06-30,Health,88.98,6,6,True
2023-12-30,Health,69.25,12,5,True
2024-06-29,Food,30.8,6,5,True
2024-05-30,Transport,20.43,5,3,False
2024-02-01,Transport,29.58,2,3,False
2023-05-12,Transport,5.0,5,4,False
2023-07-16,Entertainment,40.77,7,6,True
2024-01-27,Shopping,61.24,1,5,True
2023-11-03,Entertainment,53.63,11,4,False
2023-01-02,Transport,31.41,1,0,False
2024-10-12,Bills,85.88,10,5,True
2023-07-31,Bills,100.9,7,0,False
2024-04-21,Transport,34.23,4,6,True
2024-03-13,Transport,7.25,3,2,False
2024-10-22,Bills,105.51,10,1,False
2023-08-04,Food,23.05,8,4,False
2023-05-09,Transport,5.0,5,1,False
2024-01-10,Health,76.8,1,2,False
2024-01-13,Health,96.43,1,5,True
2024-07-16,Transport,18.61,7,1,False
2023-04-30,Shopping,83.91,4,6,True
2024-01-17,Food,28.77,1,2,False
2024-03-18,Transport,10.12,3,0,False
2023-10-10,Transport,21.33,10,1,False
2023-04-20,Food,15.15,4,3,False
2023-02-26,Bills,101.99,2,6,True
2023-08-20,Health,94.75,8,6,True
2024-03-30,Food,17.11,3,5,True
2023-08-01,Transport,9.79,8,1,False
2023-08-14,Bills,84.19,8,0,False
2024-03-10,Transport,27.9,3,6,True
2023-03-29,Shopping,47.1,3,2,False
2024-06-25,Bills,94.97,6,1,False
2023-06-26,Entertainment,25.88,6,0,False
2023-07-13,Transport,22.07,7,3,False
2024-06-08,Food,52.49,6,5,True
2023-02-11,Entertainment,28.58,2,5,True
2023-10-06,Entertainment,50.08,10,4,False
2023-11-06,Food,23.28,11,0,False
2024-06-13,Food,16.39,6,3,False
2023-04-22,Shopping,49.36,4,5,True
2024-09-07,Entertainment,33.06,9,5,True
2024-11-28,Transport,18.61,11,3,False
2023-04-18,Bills,102.24,4,1,False
2024-08-16,Shopping,64.24,8,4,False
2024-09-30,Shopping,67.84,9,0,False
2023-10-09,Transport,5.0,10,0,False
2023-09-11,Bills,102.06,9,0,False
2023-11-25,Shopping,46.29,11,5,True
2023-06-18,Shopping,61.66,6,6,True
2024-01-01,Transport,14.17,1,0,False
2023-02-09,Bills,112.12,2,3,False
2024-02-20,Entertainment,30.86,2,1,False
2024-12-10,Food,19.24,12,1,False
2023-01-11,Bills,95.54,1,2,False
2023-08-09,Shopping,61.13,8,2,False
2024-05-10,Shopping,56.12,5,4,False
2023-05-24,Health,76.94,5,2,False
2023-07-08,Bills,103.98,7,5,True
2024-02-13,Bills,104.37,2,1,False
2024-08-24,Shopping,34.44,8,5,True
2024-11-24,Bills,101.41,11,6,True
2023-11-08,Entertainment,29.01,11,2,False
2023-02-11,Health,94.21,2,5,True
2023-06-30,Food,30.61,6,4,False
2023-04-11,Entertainment,27.47,4,1,False
2024-08-08,Entertainment,46.49,8,3,False
2023-08-09,Entertainment,48.11,8,2,False
2023-07-01,Entertainment,29.94,7,5,True
2024-09-01,Bills,82.91,9,6,True
2023-04-11,Entertainment,49.84,4,1,False
2024-05-24,Food,28.94,5,4,False
2023-08-14,Food,22.02,8,0,False
2023-09-12,Shopping,85.71,9,1,False
2024-03-09,Bills,97.57,3,5,True
2023-06-16,Transport,5.0,6,4,False
2024-01-03,Entertainment,41.2,1,2,False
2023-06-19,Health,73.65,6,0,False
2023-03-31,Food,36.04,3,4,False
2023-05-12,Food,18.98,5,4,False
2023-02-28,Food,9.65,2,1,False
2024-07-14,Health,85.38,7,6,True
2023-08-27,Entertainment,51.59,8,6,True
2024-11-19,Bills,100.47,11,1,False
2024-04-18,Food,28.81,4,3,False
2024-03-27,Health,83.12,3,2,False
2024-02-24,Entertainment,34.85,2,5,True
2024-05-17,Bills,102.44,5,4,False
2024-08-10,Shopping,69.9,8,5,True
2024-02-19,Transport,12.83,2,0,False
2023-09-03,Shopping,51.45,9,6,True
2023-05-25,Transport,5.0,5,3,False
2023-02-06,Shopping,71.94,2,0,False
2023-07-25,Health,95.65,7,1,False
2024-02-24,Bills,98.04,2,5,True
2024-12-06,Shopping,53.29,12,4,False
2023-02-24,Transport,5.0,2,4,False
2023-08-19,Shopping,54.98,8,5,True
